文本,标记
"### 学士院

官司名",1
"### 翰林学士承旨 

差遣名、职事官名",2
"### 翰林学士 

差遣名、职事官名",2
"### 翰林学士•知制诰 

差遣名、职事官名",2
"### 直学士院 

差遣名、职事官名",2
"### 权直学士院 

差遣名、职事官名",2
"### 翰林权直 

职事官名",2
"### 学士院权直

职事官名",2
"### 员外学士 

北宋前期",2
"### 双宣学士

宋制",2
"### 翰林待诏 

职事官名",2
"### 入内内侍省 

内庭宦官署",1
"### 入内都知司

宦官所领署名",2
"### 东门都知司 

宦官所领署名",2
"### 入内内班院 

宋初宦寺名",1
"### 入内内班都知 

宦官名",2
"### 入内内班押班 

宦官名",2
"### 入内黄门班院 

宋初宦寺名",2
"### 入内黄门都知 

宦官名",2
"### 内侍省入内内侍班院 

宋初宦寺名",1
"### 内侍省入内内侍都知 

宋初宦官名",2
"### 内中高品班院

宋初宦寺名",1
"### 内中高品都知 

宦官名",2
"### 里面内班小底都知 

宦官名",2
"### 内中高品押班 

宦官名",2
"### 中黄门 

宋初低级宦官名",2
"### 入内内品 

宋初宦官名",2
"### 入内高班

宋初宦官名",2
"### 内中高品 

宋初宦官名",2
"### 入内高品 

即内中高品",2
"### 入内殿头高班

宦官名",2
"### 入内殿头高品

宋初宦官名",2
"### 入内殿头小底 

宦官名",2
"### 内中黄门小底

宦官名",2
"### 入内西头供奉官 

宋初宦官名",2
"### 入内供奉官 

宦官名",2
"### 入内高班内品 

宦官名",2
"### 入内内侍省都都知

宦官名",2
"### 入内内侍省都知司

宦寺名",2
"### 入内内侍省都知

宦官名",2
"### 知入内内侍省事 

即入内内侍省都知",2
"### 入内内侍省副都知

宦官名",2
"### 同知入内内侍省事 

宦官名",2
"### 入内内侍省押班 

宦官名",2
"### 签书入内内侍省事

宦官名",2
"### 内常侍

宦官加官名",2
"### 入内内侍省内侍班

入内省内侍官总名",2
"### 入内内侍省内东头供奉官 

宦官名",2
"### 入内内侍省内西头供奉官 

宦官名",2
"### 入内内侍省内侍殿头 

宦官名",2
"### 入内内侍省内侍高品 

宦官名",2
"### 入内内侍省内侍高班 

宦官名",2
"### 入内内侍省内侍黄门 

宦官名",2
"### 入内内侍省小黄门 

宦官名",2
"### 入内内侍省供奉官 

宦官名",2
"### 入内内侍省左侍禁

宦官名",2
"### 入内内侍省右侍禁 

宦官名",2
"### 入内内侍省左班殿直

宦官名",2
"### 入内内侍省右班殿直 

宦官名",2
"### 入内内侍省祗候班 

入内内侍省诸内品总名",1
"### 入内祇候殿头 

宦官名",2
"### 入内祇候侍禁 

即祇候殿头",2
"### 入内祇候高品 

宦官名",2
"### 入内祗候殿直 

即祗候高品",2
"### 入内祗候高班内品 

宦官名",2
"### 入内祇候黄门内品 

即祗候高班内品",2
"### 入内祗候内品 

宦官名",2
"### 入内祗候小内品 

宦官名",2
"### 入内贴祗候内品 

宦官名",2
"### 入内内品 

宦官名",2
"### 入内把门内品 

宦官名",2
"### 入内后苑内品 

宦官名",2
"### 入内后苑散内品 

宦官名",2
"### 入内北班内品 

宦官名",2
"### 入内后苑勾当事内品 

宦官名",2
"### 入内内侍省寄班 

寄班祇候、寄班供奉、寄班侍禁、寄班殿直、寄班奉职、寄班借职、寄班小底的总名",2
"### 云韶部 

乐司名",2
"### 云韶部内品 

黄门伶官名",2
"### 内侍省 

内庭宦官署",1
"### 内侍监 

宦官加官名",2
"### 内侍少监 

宦官加官名",2
"### 内侍 

宦官加官名",2
"### 内常侍

宦官加官名",2
"### 内给事 

宦官加官名",2
"### 内寺伯

宦官加官名",2
"### 宫教博士 

宦官名",2
"### 掖庭局令、丞 

宦官加官名",2
"### 宫闱局令、丞 

宦官加官名",2
"### 奚官局令、丞 

宦官加官名",2
"### 内仆局令、丞 

宦官加官名",2
"### 内府局令、丞

宦官加官名",2
"### 内班院 

宋初宦寺名",2
"### 内班院左班都知 

宦官名",2
"### 内班院右班都知 

宦官名",2
"### 内班院左、右班押班 

宦官名",2
"### 黄门院

宦寺名",2
"### 黄门院左班都知

宦官名",2
"### 黄门院左、右班押班 

宦官名",2
"### 内侍省内侍班院 

宦寺名",1
"### 内侍省内侍班院左班都知

宦官名",2
"### 内侍省内侍班院右班都知

宦官名",2
"### 内侍省内侍班院左班副都知 

宦官名",2
"### 内侍省内侍班院右班副都知 

宦官名",2
"### 内侍省内侍班院左班押班

宦官名",2
"### 内侍省内侍班院右班押班 

宦官名",2
"### 内侍省左右班都都知

宦官名",2
"### 内侍省左右班都知 

宦官名",2
"### 内侍省左班都知

宦官名",2
"### 内侍省右班都知 

宦官名",2
"### 内侍省左班副都知

宦官名",2
"### 内侍省右班副都知 

宦官名",2
"### 内侍省内侍右班副都知

宦官名",2
"### 内侍省押班 

宦官名",2
"### 内侍省内侍押班公事 

内侍省押班加“内侍”",2
"### 内侍省内侍押班 

“内侍”为加官",2
"### 内侍省内侍班 

内侍省内侍官总名",2
"### 内侍省内东头供奉官

宦官名",2
"### 内侍省内西头供奉官 

宦官名",2
"### 内侍省内侍殿头

宦官名",2
"### 内侍省内侍高品

宦官名",2
"### 内侍省内侍高班

宦官名",2
"### 内侍省内侍黄门

宦官名",2
"### 内侍省小黄门 

宦官名",2
"### 内侍省内侍殿直 

宦官名",2
"### 内侍省祇候班

内侍省诸内品总名",2
"### 祗候高品 

宦官名",2
"### 祗候高班内品 

宦官名",2
"### 祇候内品 

宦官名",2
"### 贴祇候内品 

宦官名",2
"### 内品 

宦官名",2
"### 把门内品 

宦官名",2
"### 后苑内品

宦官名",2
"### 后苑勾当事内品 

宦官名",2
"### 北班内品 

宦官名",2
"### 散内品

宦官名",2
"### 后苑散内品 

宦官名",2
"### 在京黄门内品

宦官名",2
"### 外处拣来内品 

宦官名",2
"### 西京北班内品 

宦官名",2
"### 郢州内品 

宦官名",2
"### 唐州内品 

宦官名",2
"### 复州内品 

宦官名",2
"### 内侍省寄班 

隶内侍省",2
"### 寄班祗候

官名",2
"### 寄班供奉

宦官名",2
"### 寄班侍禁 

宦官名",2
"### 寄班殿直 

宦官名",2
"### 寄班奉职

宦官名",2
"### 寄班借职 

宦官名",2
"### 寄班小底 

宦官名",2
"### 西京洒扫班 

宦官名",2
"### 洒扫院子 

责降宦官名",2
"### 内侍官 

宋代宦官通称",2
"### 中使 

衔命出使的内侍",2
"### 中贵、中贵人 

接近帝后、有权势的大宦官",2
"### 诏使 

内臣任使传宣诏敕于外称“诏使”",2
"### 日边人 

对中使的尊称",2
"### 大官 

内侍官之上等者俗称",2
"### 阁长 

中等内侍之俗称",2
"### 宫都监

差遣名",2
"### 都监 

差遣名",2
"### 御药院

内廷官司名",2
"### 生熟药案 

御药院办事机构",1
"### 杂事案 

御药院办事机构",1
"### 开拆司 

御药院办事机构",1
"### 合行案 

御药院办事机构",1
"### 勾当御药院 

差遣名",2
"### 干办御药院 

即勾当御药院",1
"### 主管御药院

职事官名",2
"### 上御药

差遣名",2
"### 上御药供奉 

差遣名",2
"### 御药院祇候 

差遣名",2
"### 典事 

吏人",2
"### 药童 

给使",2
"### 封题学生 

在御药院祗应吏人",2
"### 封题书艺学 

在御药院祗应吏人",2
"### 书写崇奉祖宗表词待诏 

在御药院祗应吏人",2
"### 内东门司 

内廷官司名",2
"### 内东门取索司 

内庭官署名",2
"### 勾当内东门司 

差遣名",2
"### 干办内东门司 

即勾当内东门司",2
"### 押司官 

吏人名",2
"### 前行 

吏人名",2
"### 后行 

吏人名",2
"### 合同凭由司 

内廷官司名",2
"### 监合同凭由司

差遣名",1
"### 管勾往来国信所

外事机构名",1
"### 机宜司

官司名",2
"### 知雄州机宜司

差遣名",1
"### 国信司 

官司名",2
"### 国信使

差遣名",2
"### 国信副使

差遣名",2
"### 管勾国信 

差遣名",2
"### 主管往来国信所

①南宋官司名",2
"### 国信所回易库干办公事

差遣官",2
"### 掌仪范 

差遣名",2
"### 大通事 

差遣官名",2
"### 小通事 

差遣名",2
"### 通事 

大通事、小通事通称",2
"### 通事殿侍 

以殿侍充通事差遣",2
"### 译语殿侍 

以殿侍充译语差遣",2
"### 奉使大金国信所 

官司名",2
"### 都辖礼物官

差遣名",2
"### 引接仪范

差遣名",2
"### 书状官 

吏人名",2
"### 后苑作、制造御前生活所 

内庭官司名",2
"### 后苑使 

差遣名",2
"### 权干办后苑官

差遣名",2
"### 后苑大主管使臣 

差遣名",2
"### 提举后苑作生活所

差遣名",2
"### 管勾龙图阁

差遣名",2
"### 管勾天章阁

差遣名",2
"### 管勾宝文阁 

差遣名",2
"### 勾当龙图、天章、宝文阁

即管勾龙图、天章、宝文阁",2
"### 主管龙图、天章、宝文阁

南宋改管勾为主管、勾当为干办",2
"### 勾当军头、引见司

差遣名",2
"### 干办军头、引见司 

差遣名",2
"### 宰相

官称",2
"### 同中书门下平章事 

宋前期宰相名",2
"### 同中书门下二品

同中书门下平章事讳称",2
"### 同中书门下平章事、昭文馆大学士 

宋前期首相及所带馆职",2
"### 同中书门下平章事、昭文馆大学士、监修国史 

宋前期及所带馆职",2
"### 同中书门下平章事、昭文馆大学士、监修国史、兼译经润文使

宋前期首相及所带馆职与使衔",2
"### 同中书门下平章事、监修国史

宋前期宰相及所带馆职",2
"### 同中书门下平章事、集贤殿大学士 

宋前期宰相及所带馆职名",2
"### 三相 

昭文相、史馆相、集贤相合称",2
"### 上宰、首台、首宰、冠台席 

首相与独相均可称之",2
"### 左相、右相 

①宋前期二相",2
"### 门下相 

凡本官为门下侍郎而同中书门下平章事者之称",2
"### 揆门相 

宋前期如以尚书左仆射兼门下侍郎、同中书门下平章事",2
"### 尚书左仆射兼门下侍郎

元丰新制官名",2
"### 尚书右仆射兼中书侍郎

元丰新制宰相名",2
"### 太师、三日一至都堂议事 

政和二年宰相名",2
"### 太宰兼门下侍郎 

政和二年（1112）至靖康元年（1126）宰相名",2
"### 少宰兼中书侍郎 

政和二年至靖康元年宰相名",2
"### 尚书左仆射、同中书门下平章事

建炎三年至乾道八年宰相名",2
"### 尚书右仆射、同中书门下平章事

建炎三年至乾道八年宰相名",2
"### 左、右丞相 

乾道八年（1172）后宰相名",2
"### 平章军国重事

贵官名",2
"### 同平章军国事 

贵官名",2
"### 平章军国事

贵官名",2
"### 使相 

加官名",2
"### 节度使、同中书门下平章事 

官名",2
"### 参知政事 

职事官名",2
"### 参知政事行府 

临时机构名",1
"### 门下侍郎 

职事官名",2
"### 中书侍郎 

职事官名",2
"### 尚书左丞、尚书右丞 

职事官名",2
"### 执政官

职官总名",2
"### 宰执 

职官总名",2
"### 公师 

宋前期三师、三公合称",2
"### 公孤 

宋政和二年之后",这段文字没有提供足够的信息来判断“公孤”是机构还是官职。
"### 三师 

太师、太傅、太保之总名",2
"### 太师 

加官、阶官名",2
"### 太傅 

加官、阶官名",2
"### 太保

加官、阶官名",2
"### 三公 

①宋前期太尉、司徒、司空之总名",2
"### 太尉 

加官、阶官名",2
"### 司徒 

加官、阶官名",2
"### 司空 

加官、阶官名",2
"### 三少 

少师、少傅、少保总名",2
"### 少师 

加官、阶官名",2
"### 少傅 

加官、阶官名",2
"### 少保

加官、阶官名",2
"### 枢密院

官署名",1
"### 枢密行府 

枢密院驻外机构名",1
"### 枢密使 

职事官名",2
"### 枢密太尉 

北宋前期",2
"### 枢使 

枢密使寄理称",2
"### 枢密副使

职事官名",2
"### 判枢密院事 

职事官名",2
"### 知枢密院事 

职事官名",2
"### 同知枢密院事 

职事官名",2
"### 签署枢密院事 

职事官名",2
"### 同签署枢密院事 

职事官名",2
"### 签书枢密院事 

职事官名",2
"### 同签书枢密院事 

职事官名",2
"### 领枢密院事 

职事官名",2
"### 权领枢密院事

职事官名",2
"### 权同发遣枢密院事 

差遣官",2
"### 枢密院承旨司

官司名",1
"### 枢密院承旨 

差遣名",2
"### 枢密院都承旨 

职事官",2
"### 权枢密院都承旨 

临时差遣",2
"### 枢密院副都承旨

职事官",2
"### 枢密院副承旨 

枢密院吏人职",2
"### 枢密院诸房副承旨 

枢密院吏人职",2
"### 枢密院五房 

①宋初枢密院分四房（兵、吏、户、礼）",1
"### 枢密院兵房 

枢密院办事机构之一",1
"### 枢密院吏房 

枢密院办事机构之一",1
"### 枢密院户房 

枢密院办事机构之一",1
"### 枢密院礼房 

枢密院办事机构之一",1
"### 枢密院刑房 

枢密院办事机构之一",1
"### 枢密院十二房 

元丰改制后",1
"### 枢密院北面房 

枢密院办事机构",1
"### 枢密院河西房 

枢密院办事机构",1
"### 枢密院支差房

枢密院办事机构",1
"### 枢密院在京房

枢密院办事机构",1
"### 枢密院教阅房

枢密院办事机构",1
"### 枢密院广西房

枢密院办事机构",1
"### 枢密院兵籍房 

枢密院办事机构",1
"### 枢密院民兵房

枢密院办事机构",1
"### 枢密院知杂房

枢密院办事机构",1
"### 枢密院支马房 

枢密院办事机构",1
"### 枢密院小吏房 

枢密院办事机构",1
"### 枢密院二十五房

北宋末、南宋初",1
"### 枢密院机速房

官司名",1
"### 枢密院写宣房

枢密院办事机构名",1
"### 枢密院编修时政记房 

官司名",2
"### 枢密院干办官 

职事官",2
"### 枢密院计议官 

职事官名",2
"### 枢密院检详所 

官署名",1
"### 枢密院检详诸房文字 

职事官名",2
"### 枢密院编修

元祐前为差遣",2
"### 枢密院编修司 

官署名",1
"### 枢属 

枢密院属官—枢密院都承旨、副都承旨、检详官、编修官",2
"### 枢掾 

即枢属",2
"### 枢密院制置兵马司 

官署名",1
"### 枢密院讲议司 

官署名",1
"### 银台司 

京局名",1
"### 知通进、银台司公事 

差遣官名",2
"### 知通进、银台司兼门下封驳公事

差遣名",2
"### 勾当通进银台事兼门下封驳公事

差遣名",2
"### 看详银台司文字所

官署名",1
"### 银台司主事 

公吏名",2
"### 银台司令史 

公吏名",2
"### 银台司书令史 

公吏名",2
"### 发敕司 

京局名",1
"### 印司

官司名",2
"### 宣旨院 

衙署名",1
"### 皮剥所 

监当局名",1
"### 剥马务 

监当局名",1
"### 行在皮剥所 

即皮剥所",1
"### 枢密院皮剥所

即行在皮剥所",1
"### 监专公人 

皮剥所监官",2
"### 剥手 

匠人名",2
"### 专知官

公吏名",2
"### 军典 

公吏名",2
"### 节级 

公吏名",2
"### 御前弓马子弟所

京局名",1
"### 弓马教头 

官名",2
"### 省马院

京局名",1
"### 枢密院东厨、西厨

京局名",1
"### 食手 

公人名",2
"### 枢密院将帅、将佐 

北宋枢密院有发兵之权",1
"### 都统制 

武官名",2
"### 副都统制 

武官名",2
"### 统制

武官名",2
"### 统领 

武官名",2
"### 将佐

统制、统领官合称",2
"### 正将

武官名",2
"### 副将 

武官名",2
"### 准备将领 

武官名",2
"### 偏裨 

正将、副将、准备将领等下级指挥官之总名（《通考•职官》13《统制》）",2
"### 提领海船

武官名",2
"### 枢密院使臣 

南宋初",2
"### 准备差使 

武人差遣名",2
"### 准备使唤 

武人差遣名",2
"### 准备听候使唤 

武人差遣官名",2
"### 准备差遣 

武官差遣名",2
"### 效士 

文人差使名",2
"### 枢密院尅择官 

流外官名",2
"### 枢密院给使 

枢密院公人总名",2
"### 大程官营 

大程官驻所",1
"### 大程官 

给使名",2
"### 枢密院吏人 

枢密院吏人",2
"### 枢密院逐房副承旨

吏职名",2
"### 主事 

吏职名",2
"### 守阙主事 

吏职名",2
"### 令史 

吏职名",2
"### 书令史 

吏职名",2
"### 守阙书令史 

吏职名",2
"### 贴房 

吏职名",2
"### 法司 

吏职名",2
"### 法司贴司 

吏职名",2
"### 写宣命 

吏职名",2
"### 枢密院五房院 

吏廨名",1
"### 同知三省、枢密院 

差遣官名",2
"### 三省、枢密院激赏库 

京局名",1
"### 三省枢密院激赏酒库 

京局名",1
"### 三省枢密院架阁库

京局名",1
"### 主管三省、枢密院架阁文字

监当官",2
"### 监三省、枢密院门 

南宋差遣官",2
"### 中书门下、枢密院 

北宋前期",1
"### 宰相兼枢密使 

宋代宰相或兼枢密使",2
"### 三省 

中书省、门下省、尚书省总名",2
"### 东府 

三省别称",2
"### 台省 

三省别称",1
"### 省台 

即台省",2
"### 三省长官 

门下省侍中、中书省令、尚书省令之总名",2
"### 两令 

中书省、尚书省长官中书令、尚书令合称",2
"### 三省都录事

吏人总名",2
"### 经抚房 

临时设置的机密办事部门",1
"### 两省 

中书省、门下省合称",1
"### 北省 

以门下省、中书省为北省",1
"### 掖署 

中书省、门下省通称",1
"### 内两省 

中书省、门下省总称",1
"### 大两省 

中书省、门下省之左右散骑常侍、给事中、中书舍人（知制诰）、左右谏议大夫之总名",2
"### 两省长官 

门下省侍中、中书省令合称",2
"### 两省侍郎 

门下省侍郎与中书省侍郎合称",2
"### 左、右省侍郎 

两省侍郎别称",2
"### 两后省

中书后省、门下后省合称",1
"### 后两省 

即两后省",2
"### 后省 

中书后省、门下后省通称",1
"### 两省给舍 

门下省给事中、中书省舍人合称",2
"### 给舍 

给事中、中书舍人连称",2
"### 二起居 

门下省起居郎、中书省起居舍人合

## /page{171R}

称",2
"### 左右史 

起居郎、起居舍人别称左右史",2
"### 柱下史 

典故称",2
"### 左右起居

即二起居",2
"### 小两省官 

起居郎、起居舍人号称",2
"### 一点青 

起居郎、舍人从六品官",2
"### 二史 

二起居别称",2
"### 小侍从 

起居郎、起居舍人官称",2
"### 螭头 

起居郎、舍人典故称",2
"### 侍立官 

因起居郎、起居舍人分左、右侍立殿陛而得名",2
"### 修注官 

因起居郎、舍人职掌记注得名",2
"### 常侍 

门下省左散骑常侍、中书省右散骑常侍通称",2
"### 骑省 

左、右散骑常侍别称",2
"### 谏大夫 

门下省左谏议大夫、中书省右谏大夫之通称",2
"### 司谏

门下省左司谏、中书省右司谏通称",2
"### 正言 

门下省左正言、中书省右正言通称",2
"### 谏院 

南宋中书、门下后省谏官曾另置局称谏院",1
"### 谏官厅 

门下、中书两省谏官",2
"### 都堂 

官署名",1
"### 门下省 

中央官署名",2
"### 门下省吏房 

元丰新制门下省常设办事部门之一",1
"### 门下省户房 

门下省常设办事部门之一",1
"### 门下省礼房 

门下省常设办事部门之一",1
"### 门下省兵房 

门下省常设办事部门之一",1
"### 门下省刑房 

门下省常设办事部门之一",1
"### 门下省工房 

门下省常设办事部门之一",1
"### 门下省开拆房 

门下省常设办事部门之一",1
"### 门下省章奏房 

门下省常设办事部门之一",1
"### 门下省制敕库房 

门下省常设办事部门之一",1
"### 门下省催驱房 

元丰八年门下省增设的办事部门",1
"### 门下省班簿房 

元祐间",2
"### 门下省点检房 

元祐三年门下省增设的办事部门",1
"### 判门下省事 

宋前期差遣官名",2
"### 侍中 

宋前期为阶官",2
"### 左辅 

门下省侍中的改名",2
"### 门下侍郎 

宋前期阶官名",2
"### 门下后省 

官署名",2
"### 门下后省上案 

门下后省常设办事部门之一",1
"### 门下后省下案 

门下后省常设办事部门之一",1
"### 门下后省封驳案

门下后省常设办事部门之一",1
"### 门下后省谏官案

门下后省常设办事部

## /page{176L}

门之一",2
"### 门下后省记注案

门下后省常设办事部门之一",1
"### 给事中 

宋前期阶官名",2
"### 起居郎 

宋前期阶官名",2
"### 左散骑常侍 

宋前期阶官名",2
"### 左谏议大夫

宋前期为官阶名",2
"### 左补阙 

宋初为阶官",2
"### 左司谏 

太宗端拱元年初置时为职事官",2
"### 左拾遗 

宋初为官阶名",2
"### 左正言 

宋前期为阶官名",2
"### 外符宝郎

官名",2
"### 内符宝郎 

官名",2
"### 录事 

吏名",2
"### 主事

公吏名",2
"### 令史 

吏名",2
"### 书令史 

吏名",2
"### 守当官 

吏名",2
"### 守阙守当官 

吏名",2
"### 通进司

官署名",1
"### 点检通进司公事 

官名",2
"### 监通进司官

差遣官名",2
"### 承转承接亲从官

吏名",2
"### 承转承接亲事官

吏名",2
"### 承转承接亲从亲事官 

通进司承转承接亲从官与通进司承转承接亲事官合称",2
"### 奏禀使臣 

差遣名",2
"### 主管通进司文字

吏名",2
"### 发敕官 

吏名",2
"### 进奏院 

官署名",1
"### 都进奏院 

官署名",1
"### 钤辖诸道进奏院 

差遣官名",2
"### 监都进奏院 

北宋前期差遣官名",2
"### 勾当都进奏院公事 

差遣官名",2
"### 进奏官

公吏名",2
"### 知后官 

公吏名",2
"### 私名副知 

公吏名",2
"### 守阙副知 

公吏名",2
"### 守阙进奏官 

公吏名",2
"### 拣中副知 

公吏名",2
"### 邸吏

都进奏院吏人别称",2
"### 登闻检院 

官署名",2
"### 检

匦之改名",2
"### 四检 

唐朝设匦",2
"### 判登闻检院事

宋前期差遣官名",2
"### 监登闻检院 

南宋初",1
"### 监登闻检院门 

职事官名",2
"### 主管检匣 

南宋职事官名",2
"### 检匣 

匣改名",这段文字没有提供足够的信息来判断是机构还是官职。
"### 登闻院 

官署名",1
"### 判登闻院事

差遣官品",2
"### 知登闻院事 

兼官名",2
"### 勾当登闻院公事

差遣官名",2
"### 匦院

官署名",1
"### 匦

匦院所设投状铜匦",1
"### 令史 

吏名",2
"### 手分 

书令史、守当官总名",2
"### 承送亲事官 

吏卒名",2
"### 书写人 

吏名",2
"### 鼓司

官署名",1
"### 勾当鼓司公事 

差遣官名",2
"### 鼓

鼓司设鼓",2
"### 登闻鼓院

官署名",1
"### 登闻鼓 

登闻鼓院所设谏鼓",1
"### 判登闻鼓院事

宋前期差遣官名",2
"### 同判登闻鼓院事

登闻鼓院置判院官二人",2
"### 监登闻鼓院

南宋初",1
"### 监登闻鼓院门 

职事官名",2
"### 监鼓

北宋差遣官",2
"### 令史

吏名",2
"### 手分 

吏名",2
"### 书写人 

吏名",2
"### 看鼓 

杂役名",2
"### 下夫 

杂役名",2
"### 中书省

中央官署名",1
"### 中书省吏房

中书省常设办事部门之一",1
"### 中书省户房 

中书省常设办事部门之一",1
"### 中书省礼房 

中书省常设办事部门之一",1
"### 中书省兵房 

中书省常设办事部门之一",1
"### 中书省刑房 

中书省常设办事部门之一",1
"### 中书省工房 

中书省常设办事部门之一",1
"### 中书省生事房 

中书省常设办事部门之一",1
"### 中书省班簿房

中书省常设办事部门之一",1
"### 中书省制敕库房

中书省常设办事部门之一",1
"### 中书省催驱房 

中书省常设办事部门之一",1
"### 中书省点检房 

中书省常设办事部门之一",1
"### 中书省开拆房 

中书省生事房改名",1
"### 判中书省事

宋前期差遣官名",2
"### 中书令

官名",2
"### 右弼 

中书省令曾用名",2
"### 中书侍郎 

宋前期阶官名",2
"### 中书后省 

官署名",2
"### 中书后省上案 

中书后省常设办事部门之一",1
"### 中书后省下案 

中书后省常设办事部门之一",1
"### 中书后省制诰案 

中书后省常设办事部门之一",1
"### 中书后省谏官案 

中书后省常设办事部门之一",1
"### 中书后省记注案 

中书后省常设办事部门之一",1
"### 中书舍人 

宋前期官阶名",2
"### 权中书舍人 

兼官名",2
"### 起居舍人 

宋前期阶官名",2
"### 右散骑常侍

宋前期为阶官名",2
"### 右谏议大夫 

宋前期为官阶名",2
"### 直舍人院 

南宋特置避讳官名",2
"### 右补阙 

宋初阶官名",2
"### 右司谏 

端拱初置时职事官名",2
"### 右拾遗

宋初阶官名",2
"### 右正言 

宋前期为阶官名、偶为职事官；元丰新制",2
"### 中书检正五房公事

宰执属官",2
"### 都检正厅 

官衙名",1
"### 中书检正逐房（吏、户、礼、刑、孔目房）公事

## /page{191R}

宰属官名",2
"### 检正厅 

官司名",1
"### 中书逐房习学公事

宰属官名",2
"### 中书门下省 

中央官署名",1
"### 中书门下省检正诸房公事

宰属官名",2
"### 中书门下省检正房 

官司名",2
"### 中书门下省检正所 

中书门下省检正房之改名",1
"### 中书省录事 

堂吏名",2
"### 主事 

吏名",2
"### 令史 

吏名",2
"### 书令吏 

吏名",2
"### 守当官 

吏名",2
"### 守阙守当官 

吏名",2
"### 尚书省

官署名",2
"### 尚书都省

即尚书省",2
"### 尚书省吏房

元丰新制尚书省十房之一",1
"### 尚书省户房

元丰新制尚书省十房之一",1
"### 尚书省礼房

元丰尚书省十房之一",1
"### 尚书省兵房

元丰尚书省十房之一",1
"### 尚书省刑房

元丰尚书省十房之一",1
"### 尚书省工房

元丰尚书省十房之一",1
"### 尚书省奏钞班簿房

元丰改制后增置的尚书省房",1
"### 尚书省案钞刑房

元丰改制后增设的省房",1
"### 尚书省都知杂房

元丰尚书省十房之一",2
"### 尚书省开拆房

元丰尚书省十房之一",1
"### 尚书省催驱房

元丰尚书省十房之一",1
"### 尚书省点检房

元丰后尚书省增房之一",1
"### 尚书省制敕库房

元丰尚书省十房之一",1
"### 权判尚书都省事

宋前期差遣官名",2
"### 权判行在尚书省

临时因事而设的官名",2
"### 行在尚书省

北宋临时因随驾而设的官司",2
"### 尚书令

官名",2
"### 尚书省左仆射

阶官、职事官名",2
"### 尚书省右仆射

阶官、职事官名",2
"### 太宰

官名",2
"### 少宰

尚书省右仆射改名",2
"### 朝堂

尚书左、右仆射厅、尚书令厅",1
"### 尚书省左丞

阶官",2
"### 尚书省右丞

阶官、职事官名",2
"### 仆射丞

尚书省左、右仆射与尚书省左、右丞连称",2
"### 二丞、贰丞

尚书省左、右丞合称",2
"### 尚书省左丞厅、尚书省右丞厅

尚书省左、右丞官署",2
"### 尚书丞郎

职官总名",2
"### 尚书省左司

官司名",2
"### 尚书省右司

官司名",2
"### 尚书省左、右司

尚书省左司、尚书省右司连称",2
"### 尚书都司御史房

尚书省左右司办事部门",1
"### 尚书都司茶盐案

尚书省左右司办事部门",2
"### 尚书省左司知杂案

尚书省左司事务部门",1
"### 尚书省右司知杂案

尚书省右司事务部门",1
"### 尚书省左司郎中

阶官、职事官名",2
"### 尚书省右司郎中

阶官、职事官名",2
"### 尚书省左司员外郎

阶官、职事官名",2
"### 尚书省右司员外郎

阶官、职事官名",2
"### 尚书左、右司郎官

尚书省左、右司郎中与员外郎总称",2
"### 尚书省习学公事

职事官名",2
"### 尚书省都事

吏名",2
"### 主事

吏名",2
"### 令史

吏名",2
"### 书令史

吏名",2
"### 守当官

吏名",2
"### 守阙守当官

吏名",2
"### 法司

吏名",2
"### 手分

吏名",2
"### 书奏

吏名",2
"### 御营使司（南宋）

官署名",2
"### 御营使 

兼官名",2
"### 御营副使 

兼官名",2
"### 御营司参赞军事

御营使司属官名",2
"### 御营司参议官 

御营使司属官名",2
"### 提举御营使司一行事务 

御营使司属官名",2
"### 御营使司都统制司

御嘗司都统制所设的军事指挥机构",1
"### 御营使司都统制 

武官名",2
"### 御营使司同都统制

武官名",2
"### 御营使司副都统制

武官名",2
"### 御营都副统制

御营使司都统制、副都统制连称",2
"### 御营五军统制军马官 

武官名",2
"### 御营使司前军统制官 

武官名",2
"### 御营使司后军统制官 

武官名",2
"### 御营使司左军统制官 

武官名",2
"### 御营使司右军统制官

武官名",2
"### 御营使司中军统制官

武官名",2
"### 御营使司都统司统领 

武官名",2
"### 御营使司左军都统制

御营司统兵官",2
"### 御营使司右军都统制

御营司统兵官",2
"### 御营使司平寇前将军

加官名",2
"### 御营使司主管机宜文字 

御营司属官名",2
"### 御营使司激赏库 

库名",1
"### 御营宿卫使司

官署名",1
"### 御营宿卫使

武官名",2
"### 御营宿卫使司先锋军都统制

武官名",2
"### 御营宿卫使司前军都统制

武官名",2
"### 御营宿卫使司右军统制 

武官名",2
"### 御营宿卫使司左军统制

武官名",2
"### 御营宿卫使司中军统制 

武官名",2
"### 御营宿卫使司随军都转运使 

御营宿卫使司属官",2
"### 御营宿卫使司书写机宜文字 

御营宿卫使司属官名",2
"### 修政局

京局名",1
"### 提举修政局

宰相兼官",2
"### 同提举修政局 

执政兼官",2
"### 制国用使 

宰相兼官名",2
"### 同知国用事 

参知政事兼官名",2
"### 三省户房国用司 

京局名",2
"### 国用使 

丞相兼官名",2
"### 国用司 

京局名",2
"### 国用司参计官 

国用司属官",2
"### 国用司同参计官 

国用司属官名",2
"### 国用参计所 

京局名",1
"### 榷货务都茶场 

官署名",1
"### 三务场

南宋行在榷货务都茶场、建康府榷货务都茶场、镇江府榷货务都茶场总称",1
"### 榷货三务 

见“三务场”",1
"### 提领三榷货务都茶场所 

官署名",1
"### 提辖榷货务兼都茶场

官名",2
"### 提辖榷货务都茶场司

官署名",1
"### 监榷货务都茶场 

官名",2
"### 提领榷货务都茶场所干办公事

职事官名",2
"### 在京榷货务

官署名",1
"### 榷货务 

监当局名",1
"### 山场 

监当局名",1
"### 买钞所 

监当局名",1
"### 博买都茶场 

监当局名",1
"### 茶场司 

监当局名",2
"### 行在会子务

监当局名",2
"### 会子库 

会子务附属库",1
"### 左藏封桩库 

监当局名",1
"### 提领左藏封桩库 

兼官名",2
"### 提领左藏封桩库所 

官署名",1
"### 监左藏封桩库 

职事官名",2
"### 监左藏封桩门 

职事官门",2
"### 左藏封桩库副知

吏名",2
"### 左藏封桩库手分

吏人名",2
"### 左藏封桩库书手

吏名",2
"### 左藏封桩库库子

吏名",2
"### 尚书省讲议司

临时官署名",2
"### 提举尚书省讲议司

职事官名",2
"### 讲议司详定官 

职事官名",2
"### 讲议司参详官 

职事官名",2
"### 讲议司检讨文字

职事官名",2
"### 讲议司宗室检讨文字 

职事官名",2
"### 讲议司冗官检讨文字 

职事官名",2
"### 讲议司国用检讨文字 

职事官名",2
"### 讲议司赋调检讨文字 

职事官名",2
"### 讲议司商旅检讨文字 

职事官名",2
"### 讲议司盐泽检讨文字 

职事官名",2
"### 讲议司尹牧检讨文字 

职事官名",2
"### 尚书省讲议司检阅文字 

职事官名",2
"### 尚书省讲议财利司 

临时官署名",2
"### 提举尚书省讲议财利司 

职事官名",2
"### 尚书省详议司 

临时官署名",2
"### 议礼局

临时修礼书官署",1
"### 礼制局 

临时官署",1
"### 尚书省六部

尚书省吏部、户部、礼部、兵部、刑部、工部总称",1
"### 六部尚书

尚书省吏部尚书、户部尚书、礼部尚书、兵部尚书、刑部尚书、工部尚书总称",2
"### 五曹尚书 

户、礼、兵、刑、工部五部尚书总称",2
"### 权六部尚书 

权吏部尚书、权户部尚书、权礼部尚书、权兵部尚书、权刑部尚书、权工部尚书之总称",2
"### 六部侍郎 

尚书省吏部侍郎、户部侍郎、礼部侍郎、兵部侍郎、刑部侍郎、工部侍郎之总称",2
"### 权六部侍郎 

尚书省权吏部侍郎、权户部侍郎、权礼部侍郎、权兵部侍郎、权刑部侍郎、权工部侍郎总称",2
"### 六部长贰

六部尚书与侍郎总名",2
"### 尚书二十四司 

尚书省六部所属二十四司总称",1
"### 尚书省二十四司郎中 

尚书省六部所属二十四司郎中总称",2
"### 尚书省二十四司员外郎

尚书省六部所属二十四司员外郎总称",2
"### 尚书省六部诸司郎中、员外郎

尚书省六部二十四司置郎中、员外郎",2
"### 监尚书省六部门

差遣官名",2
"### 管勾尚书六部架阁库 

差遣官名",2
"### 主管尚书某部架阁文字

南宋时档案库官名",2
"### 尚书省吏部 

官司名",2
"### 判吏部事 

差遣官名",2
"### 吏部尚书 

阶官名、职事官名",2
"### 权吏部尚书 

职事官名",2
"### 吏部尚书左选 

官署名",2
"### 吏部尚书左选六品案 

吏部尚书左选常设办事部门之一",1
"### 吏部尚书左选七品案 

吏部尚书左选常设办事部门之一",1
"### 吏部尚书左选八品案 

吏部尚书左选常设办事部门之一",1
"### 吏部尚书左选九品案 

吏部尚书左选常设办事部门之一",1
"### 吏部尚书左选注拟案 

吏部尚书左选常设办事部门之一",2
"### 吏部尚书左选名籍案 

吏部尚书左选常设办事部门之一",2
"### 吏部尚书左选掌阙案 

吏部尚书左选常设办事部门之一",2
"### 吏部尚书左选催驱案 

吏部尚书左选常设办事部门之一",2
"### 吏部尚书左选甲库案 

吏部尚书左选常设办事部门之一",2
"### 吏部尚书左选检法案 

吏部尚书左选常设办事部门之一",1
"### 吏部尚书右选 

官署名",2
"### 吏部尚书右选大夫案 

吏部尚书右选常设办事部门之一",1
"### 吏部尚书右选副使案 

吏部尚书右选常设办事部门之一",1
"### 吏部尚书右选敦修武案 

吏部尚书右选常设办事部门之一",1
"### 吏部尚书右选注拟掌阙案 

吏部尚书右选常设办事部门之一",1
"### 吏部尚书右选奏荐赏功案 

吏部尚书右选常设办事部门之一",1
"### 吏部尚书右选开拆案 

吏部尚书右选

## /page{216R}

常设办事部门之一",2
"### 吏部尚书右选名籍案 

吏部尚书右选常设办事部门之一",1
"### 吏部尚书右选甲库案 

吏部尚书右选常设办事部门之一",1
"### 吏部尚书右选法司案 

吏部尚书右选常设办事部门之一",1
"### 吏部尚书右选知杂案 

吏部尚书右选常设办事部门之一",1
"### 吏部侍郎 

官阶名、职事官名",2
"### 权吏部侍郎 

职事官名",2
"### 吏部侍郎左选 

官署名",2
"### 吏部左选侍郎 

职事官名",2
"### 吏部侍郎左选令丞案 

吏部侍郎左选常设办事部门之一",2
"### 吏部侍郎左选职官案 

吏部侍郎左选常设办事部门之一",2
"### 吏部侍郎左选入官案 

吏部侍郎左选常设办事部门之一",2
"### 吏部侍郎左选县尉案 

吏部侍郎左选常设办事部门之一",2
"### 吏部侍郎左选格式案 

吏部侍郎左选常设办事部门之一",2
"### 吏部侍郎左选主簿上案、下案 

吏

## /page{218L}

部侍郎常设办事部门之一",2
"### 吏部侍郎左选开拆案 

吏部侍郎左选常设办事部门之一",2
"### 吏部侍郎左选名籍案 

吏部侍郎左选常设办事部门之一",2
"### 吏部侍郎左选甲库案 

吏部侍郎左选常设办事部门之一",2
"### 吏部侍郎左选知阙案 

吏部侍郎左选常设办事部门之一",2
"### 吏部侍郎左选注拟案 

吏部侍郎左选常设办事部门之一",2
"### 吏部侍郎左选知杂案 

吏部侍郎左选常设办事部门之一",2
"### 吏部侍郎左选法司案 

吏部侍郎左选常设办事部门之一",2
"### 吏部侍郎右选 

官署名",2
"### 吏部右选侍郎 

职事官名",2
"### 吏部侍郎右选从义案 

吏部侍郎右选常设办事部门之一",2
"### 吏部侍郎右选忠训案 

吏部侍郎右选常设办事部门之一",1
"### 吏部侍郎右选成忠案 

吏部侍郎右选常设办事部门之一",2
"### 吏部侍郎右选承节案 

吏部侍郎右选常设办事部门之一",2
"### 吏部侍郎右选承信案 

吏部侍郎右选常设办事部门之一",2
"### 吏部侍郎右选进武案 

吏部侍郎右选常设办事部门之一",2
"### 吏部侍郎右选差注案 

吏部侍郎右选常设办事部门之一",2
"### 吏部侍郎右选生事上案、下案 

吏部侍郎右选常设办事部门之一",2
"### 吏部侍郎右选掌阙案 

吏部侍郎右选常设办事部门之一",2
"### 吏部侍郎右选资次案 

吏部侍郎右选常设办事部门之一",2
"### 吏部侍郎右选知杂案 

吏部侍郎右选常设办事部门之一",2
"### 吏部侍郎右选催驱案 

吏部侍郎右选常设办事部门之一",2
"### 吏部侍郎右选甲库案 

吏部侍郎右选常设办事部门之一",2
"### 吏部侍郎右选法司案 

吏部侍郎右选常设办事部门之一",2
"### 吏部侍郎右选架阁案 

吏部侍郎右选

## /page{219R}

档案管理部门",2
"### 吏部四选 

北宋神宗元丰改制后",2
"### 吏部司 

官司名",2
"### 吏部司郎中 

阶官名、职事官名",2
"### 吏部司员外郎 

官阶名、职事官名",2
"### 司封司 

官司名",2
"### 判司封司事 

宋前期差遣官名",2
"### 司封司郎中 

官阶名、职事官名",2
"### 司封司员外郎 

官阶名、职事官名",2
"### 司勋司 

官司名",2
"### 判司勋司事 

宋前期差遣官名",2
"### 司勋司郎中 

官阶名、职事官名",2
"### 司勋司员外郎 

官阶名、职事官名",2
"### 考功司 

官司名",2
"### 判考功司事 

宋前期差遣官名",2
"### 考功司郎中 

官阶名、职事官名",2
"### 考功司员外郎 

官阶名、职事官名",2
"### 考功司十七案 

元丰新制",2
"### 主管尚书省吏部架阁文字 

职事官名",2
"### 尚书省制造官告局 

官署名",1
"### 主管尚书省制造官告局 

差遣官名",1
"### 尚书省官告院 

尚书省制造官告局改名",1
"### 官告院 

官署名",1
"### 官告院绫纸库 

官告院附属机构名",1
"### 主管官告院 

差遣官员",2
"### 尚书省户部

官司名",2
"### 判尚书省户部事

#### 职源

判户部事之名",2
"### 户部尚书

宋前期阶官名",2
"### 权户部尚书 

职事官名",2
"### 户部侍郎

阶官名、职事官名",2
"### 户部左曹侍郎 

户部侍郎分工称",2
"### 户部右曹侍郎 

户部侍郎分工称",2
"### 权户部侍郎 

职事官名",2
"### 户部五司 

职官总名",2
"### 户部司 

官司名",2
"### 户部司郎中 

官阶名、职事官名",2
"### 户部司员外郎 

官阶名、职事官名",2
"### 户部左曹 

户部五司之一",2
"### 户部左曹户口案 

户部左曹常设办事机构之一",1
"### 户部左曹税赋案 

户部左曹常设办事机构之一",1
"### 户部左曹农田案 

户部左曹常设办事机构之一",1
"### 户部左曹检法案

户部左曹常设办事机构之一",1
"### 户部左曹知杂案 

户部左曹常设办事机构之一",1
"### 户部左曹二税窠

南宋税赋案分出的机构之一",1
"### 户部左曹房地窠

南宋赋税案分出的机构之一",1
"### 户部左曹课利窠 

南宋赋税案分出机构之一",1
"### 户部右曹 

户部五司之一",2
"### 户部右曹常平案 

户部右曹常设办事机构之一",1
"### 户部右曹免役案 

户部右曹常设办事机构之一",1
"### 户部右曹坊场案 

户部右曹常设办事机构之一",1
"### 户部右曹平准案

户部右曹常设办事机构之一",1
"### 户部右曹检法案

户部右曹常设办事机构之一",1
"### 户部右曹知杂案 

户部右曹常设办事机构之一",1
"### 户部左曹郎中、员外郎

元丰改制后户部郎中、员外郎分工称",2
"### 户部右曹郎中、员外郎

元丰改制后户部郎中员外郎分工称",2
"### 度支司 

官司名",2
"### 度支司度支案 

掌计划年度军国财用经费及年终会计诸路收支之数（《宋会要•食货》51之43《度支库》）",2
"### 度支司发运案 

掌诸路上供财物总额、封桩总数、科买期限、漕运计程、付给运费等事（《宋会要•食货》51之42《度支库》）",2
"### 度支司支供案 

掌文武官吏俸禄支给、供奉内廷钱物、驿务等事（《宋会要•食货》51之42《度支库》）",2
"### 度支司赏赐案 

掌赏赐、支赐、特支衣物、钱帛",2
"### 度支司知杂案

掌本司具体行政、生活事

## /page{230R}

务的办理（《宋会要•食货》51之43《度支库》）",2
"### 判度支司事 

宋前期差遣官名",2
"### 度支司郎中 

官阶名、职事官名",2
"### 度支司员外郎 

官阶名、职事官名",2
"### 金部司

官司名",2
"### 金部司左藏案 

户部金部司常设办事机构之一",1
"### 金部司右藏案 

户部金部司常设办事机构之一",1
"### 金部司钱帛案 

户部金部司常设办事机构之一",1
"### 金部司请给案 

户部金部司常设办事机构之一",1
"### 金部司榷易案

户部金部司常设办事机构之一",1
"### 金部司知杂案 

户部金部司常设办事机构之一",1
"### 判金部司事

宋前期差遣官名",2
"### 金部司郎中 

官阶名、职事官名",2
"### 金部司员外郎 

官阶名、职事官名",2
"### 仓部司 

官司名",2
"### 判仓部司事 

差遣官",2
"### 仓部司仓场案 

户部仓部司常设办事机构之一",1
"### 仓部司上供案 

户部仓部司常设办事机构之一",1
"### 仓部司粜籴案

户部仓部司常设办事机构之一",1
"### 仓部司给纳案

户部仓部司常设办事机构之一",1
"### 仓部司开拆案 

户部仓部司常设办事机构之一",1
"### 仓部司勾覆案 

户部仓部司临时办事机构",1
"### 仓部司知杂案 

户部仓部司常设办事机构之一",1
"### 仓部司郎中 

阶官名、职事官名",2
"### 仓部司员外郎 

阶官名、职事官名",2
"### 主管尚书省户部架阁文字

职事官名",2
"### 尚书省礼部

官司名",2
"### 判礼部事 

差遣官名",2
"### 礼部尚书 

官阶名、职事官名",2
"### 权礼部尚书 

职事官名",2
"### 礼部侍郎

官阶名、职事官名",2
"### 权礼部侍郎 

职事官名",2
"### 礼部奉使帐案

官司名",2
"### 礼部封册案 

官司名",1
"### 礼部表奏案

官司名",2
"### 礼部宝印案 

官司名",2
"### 礼部检法案 

官司名",2
"### 礼部礼乐案

官司名",2
"### 礼部贡举案 

官司名",2
"### 礼部宗正案 

官司名",2
"### 礼部知杂案 

官司名",2
"### 礼部开拆案

官司名",2
"### 礼部司 

官司名",2
"### 礼部郎中 

官阶名、职事官名",2
"### 礼部员外郎 

官阶名、职事官名",2
"### 祠部司 

官司名",2
"### 判祠部司事

差遣官名",2
"### 祠部司郎中 

官阶名、职事官名",2
"### 祠部司员外郎 

官阶名、职事官名",2
"### 祠部司道释案 

祠部司常设办事机构",1
"### 详定祠祭、太医帐案 

祠部常设办事机构",1
"### 制造案

祠部办事部门",1
"### 知杂司 

祠部司办事部门",1
"### 开拆司 

祠部司办事部门",1
"### 度牒库 

监当局名",1
"### 监度牒库 

监当官名",2
"### 提领度牒所 

官司名",2
"### 提举京城所 

官司名",2
"### 主客司

官司名",2
"### 主客司郎中 

官阶名、职事官",2
"### 主客司员外郎

官阶名、职事官名",2
"### 知杂封袭朝贡案

主客司常设办事部门",1
"### 膳部司

官司名",2
"### 膳部司郎中 

官阶名、职事官名",2
"### 膳部司员外郎 

官阶名、职事官名",2
"### 祠祭生料知杂案

膳部司常设办事机构",1
"### 宴设馆客供进给赐案 

膳部司常设办事部门之一",1
"### 礼部贡院 

官司名",2
"### 知礼部贡举事 

差遣名",2
"### 尚书省兵部 

官司名",2
"### 判尚书省兵部事 

宋前期差遣官名",2
"### 同判尚书省兵部事 

差遣官名",2
"### 兵部勾当公事 

熙丰变法期间差遣官名",2
"### 兵部主簿

熙丰变法期间差遣官名",2
"### 兵部甲库

宋前期官司名",2
"### 兵部尚书 

阶官名、职事官名",2
"### 权兵部尚书 

职事官名",2
"### 兵部侍郎 

阶官名、职事官名",2
"### 权兵部侍郎 

职事官名",2
"### 兵部赏功案 

元丰改制后",1
"### 兵部民兵仗卫案 

兵部常设办事机构之一",1
"### 兵部厢兵案 

兵部常设办事机构之一",1
"### 兵部人从看详案 

兵部常设办事机构之一",1
"### 兵部帐籍告身案 

兵部常设办事机构之一",1
"### 兵部武举案 

兵部常设办事机构之一",1
"### 兵部蕃官案 

兵部常设办事机构",1
"### 兵部检法案 

兵部常设办事机构",1
"### 兵部开拆案 

兵部常设办事机构",1
"### 兵部知杂案 

兵部常设事务机构",2
"### 兵部四司 

尚书省兵部所属兵部司、职方司、驾部司、库部司的合称",1
"### 兵部司 

尚书省兵部所属四司之一",1
"### 兵部司郎中 

阶官名、职事官名",2
"### 兵部司员外郎 

阶官名、职事官名",2
"### 职方司 

尚书省兵部所属四司之一",1
"### 判职方司事 

宋前期差遣官名",2
"### 职方司郎中 

阶官名、职事官名",2
"### 职方司员外郎 

阶官名、职事官名",2
"### 驾部司 

尚书省兵部四司之一",2
"### 判驾部司事 

宋前期差遣官名",2
"### 驾部司郎中 

阶官名、职事官名",2
"### 驾部司员外郎 

阶官名、职事官名",2
"### 库部司 

尚书省兵部所属四司之一",2
"### 判库部司事 

宋前期差遣官名",2
"### 库部司郎中 

阶官名、职事官名",2
"### 库部司员外郎 

阶官名、职事官名",2
"### 主管尚书省礼、兵部架阁文字

职事官名",2
"### 尚书省刑部

官司名",2
"### 刑部八案 

元丰新制",2
"### 刑部十三案

南宋初连年战祸与兵荒",2
"### 刑部制勘案 

①元丰刑部八案之一",2
"### 刑部体量案

①元丰刑部八案之二",2
"### 刑部制勘体量案

元祐四年（1089）",2
"### 刑部详覆案 

①元丰刑部八案之三",2
"### 刑部注籍点检案 

元丰刑部八案之四",2
"### 刑部举叙案 

①元丰刑部八案之五",2
"### 刑部进拟案 

①元丰新制刑部八案之六",2
"### 刑部随时拨却行案 

元丰新制刑部八案之七",2
"### 刑部随时拨却不行案 

元丰刑部八案之第八案",2
"### 刑部定夺案 

绍兴后刑部十三案之六",2
"### 刑部纠察案 

绍兴后刑部十三案之七",2
"### 刑部检法案 

绍兴后刑部十三案之八",2
"### 刑部颁降案 

南宋绍兴后刑部十三案之九",2
"### 刑部追毁案

南宋绍兴后刑部十三案之十",2
"### 刑部会问案 

南宋绍兴后刑部十三案之十一",2
"### 刑部捕盗案 

南宋绍兴后刑部十三案之十二",2
"### 刑部帐籍案

南宋绍兴后刑部十三案之十三",2
"### 刑部尚书 

阶官名、职事官名",2
"### 权刑部尚书 

元祐初始置的职事官名",2
"### 刑部侍郎 

阶官名、职事官名",2
"### 权刑部侍郎 

职事官名",2
"### 刑部司 

官司名",2
"### 刑部司郎中 

阶官名、职事官名",2
"### 刑部司员外郎 

阶官名、职事官名",2
"### 都官司 

官司名",2
"### 都官司郎中 

阶官名、职事官名",2
"### 都官司员外郎 

阶官名、职事官名",2
"### 比部司 

官司名",2
"### 比部司勾覆案 

元丰新制后比部司五案之一",2
"### 比部司磨勘案 

元丰新制后比部司五案之一",2
"### 比部司凭由案 

元丰新制后比部司五案之一",1
"### 比部司理欠案 

元丰新制后比部司五案之一",2
"### 比部司知杂案 

元丰改制后比部司五案之一",2
"### 比部司郎中 

阶官名、职事官名",2
"### 比部司员外郎 

阶官名、职事官名",2
"### 司门司 

官司名",2
"### 司门司郎中 

阶官名、职事官名",2
"### 司门司员外郎 

阶官名、职事官名",2
"### 尚书省工部

官司名",1
"### 工部工作案 

元丰新制尚书省工部六案之一",2
"### 工部营造案 

尚书省工部六案之一",2
"### 工部材料案 

尚书省工部六案之一",2
"### 工部兵匠案 

尚书省工部六案之一",2
"### 工部检法案 

尚书省工部六案之一",2
"### 工部知杂案 

尚书省工部六案之一",2
"### 判尚书省工部事 

宋前期差遣官名",2
"### 工部尚书 

阶官名、职事官名",2
"### 权工部尚书 

职事官名",2
"### 工部侍郎 

阶官名、职事官名",2
"### 权工部侍郎 

职事官名",2
"### 工部司 

官司名",2
"### 工部司郎中 

阶官名、职事官名",2
"### 工部司员外郎 

阶官名、职事官名",2
"### 屯田司 

尚书省工部四司之一",1
"### 屯田司郎中 

阶官名、职事官名",2
"### 屯田司员外郎 

阶官名、职事官名",2
"### 虞部司 

尚书省工部四司之一",2
"### 虞部司郎中 

阶官名、职事官名",2
"### 虞部司员外郎 

阶官名、职事官名",2
"### 水部司 

官司名",2
"### 水部司郎中 

阶官名、职事官名",2
"### 水部司员外郎 

阶官名、职事官名",2
"### 主管尚书省工部、刑部架阁文字 

职事官名",2
"### 制造御前军器所 

官署名",1
"### 军器所行移内案 

军器所三案之一",1
"### 军器所军器案 

军器所三案之一",1
"### 军器所事务案 

军器所三案之一",1
"### 干办司手分 

吏人",2
"### 监造下人吏 

吏人",2
"### 监门下人吏 

吏人",2
"### 造帐司 

吏人名",2
"### 复算司 

吏人名",2
"### 库经司 

吏人名",2
"### 万全作坊 

官办兵工场",1
"### 制造御前军器局 

官署名",1
"### 秘书省

官署名（《宋会要•职官》18之1《秘书省》）",1
"### 秘书省监

宋前期阶官名",2
"### 判秘书省事 

差遣名",2
"### 提举秘书省

差遣官",2
"### 提纲史事

差遣名",2
"### 秘书省少监

宋前期为寄禄官名",2
"### 秘书监少

秘书省监、秘书省少监连称",2
"### 秘书丞 

宋前期阶官名",2
"### 秘书少丞 

秘书省少监、秘书省丞连称",2
"### 著作郎

宋初阶官名",2
"### 秘书郎 

宋初寄禄官名",2
"### 著作佐郎 

宋初寄禄官名",2
"### 著作郎佐 

著作郎、著作佐郎合称",2
"### 秘书丞郎 

秘书省丞与秘书郎或合称丞郎",2
"### 著作局

秘书省公廨之一",1
"### 校书郎 

宋初寄禄官名",2
"### 石渠郎 

石渠阁为西汉藏书之所",1
"### 正字 

宋初寄禄官名",2
"### 校正 

秘书省校书郎、秘书省正字连称",2
"### 馆职 

元丰改制后",2
"### 秘阁校勘 

职事官名",2
"### 秘书省校对黄本书籍

差遣",1
"### 秘书省读书 

特置官",2
"### 秘书省检阅文字 

资浅者入省供职",2
"### 秘书省都监司 

官司名",2
"### 秘书省都监 

差遣名",2
"### 秘书省承受官 

差遣名",2
"### 秘书省国史案 

元丰新制所设案名",1
"### 秘书省日历案

绍圣二年三月二十四日",2
"### 秘书省知杂案 

本省常设办事机构",1
"### 秘书省经籍案 

本省常设办事机构",1
"### 秘书省祝版案 

南宋时秘书省案名之一",2
"### 秘书省太史案 

本省常设办事机构之一",1
"### 秘书省道教案 

徽宗政和六年二月八日",2
"### 经、史、子、集四库 

秘书省书库",1
"### 续搜访经、史、子、集四库 

秘书省书库",1
"### 秘阁上、下库 

秘书省秘阁书库",1
"### 御制御札名贤墨迹图画库 

秘书省书库",1
"### 古器库

秘书省库",1
"### 印板书库 

秘书省库",1
"### 印板库 

秘书省库",1
"### 碑石库 

秘书省库",1
"### 公使库 

秘书省库",2
"### 国史库 

秘书省库",1
"### 秘书省八品吏 

秘书省号称“三馆之地”",2
"### 都孔目官 

吏名",2
"### 孔目官

吏名",2
"### 四库书直官 

吏名",2
"### 书直官

吏名",2
"### 表奏官 

吏名",2
"### 书库官 

吏名",2
"### 守当官 

吏名",2
"### 正名楷书 

吏名",2
"### 守阙楷书 

吏名",2
"### 正系名楷书 

吏名",2
"### 守阙系名楷书 

吏名",2
"### 投名人 

吏名",2
"### 专知官 

吏名",2
"### 通引官 

吏名",2
"### 库子 

胥吏名",2
"### 秘书省仪鸾司 

省舍名",2
"### 仪鸾司吏 

公吏名",2
"### 秘书省翰林司

省舍名",1
"### 翰林司吏 

公吏名",2
"### 御厨工匠 

匠人名",2
"### 秘书省抬盘司 

省舍名",2
"### 抬盘子厨子 

公吏名",2
"### 潜火司

省舍名",2
"### 潜火军兵 

救火士兵",2
"### 补写所 

公廨名",1
"### 补写所杂务 

公吏名",2
"### 守门亲事官 

公吏名",2
"### 厅从 

公吏名",2
"### 厅子 

官厅吏人名",2
"### 衣粮亲事官 

公吏名",2
"### 承送 

公吏名",2
"### 司天台 

官司名",2
"### 判司天台事 

差遣名",2
"### 司天台主簿

职事官名",2
"### 司天台学生 

吏名",2
"### 司天监

官司名",2
"### 司天监监 

技术官名",2
"### 判司天监事

差遣官",2
"### 同判司天监事

差遣名",2
"### 权判司天监事 

差遣名",2
"### 知司天监事

差遣名",2
"### 提举司天监公事

差遣名",2
"### 同提举司天监公事

差遣名",2
"### 提举司天监公事所 

官署名",1
"### 司天监少监

技术官",2
"### 权知司天监少监事 

差遣名",2
"### 司天监丞 

技术官名",2
"### 司天监主簿

技术官名",2
"### 司天监五官正 

司天监春官正、夏官正、中官正、秋官正、冬官正的合称",2
"### 司天监春官正 

技术官名",2
"### 司天监夏官正 

技术官名",2
"### 司天监中官正 

技术官名",2
"### 司天监秋官正 

技术官名",2
"### 司天监冬官正 

技术官名",2
"### 司天监灵台郎 

技术官名",2
"### 司天监保章正

技术官名",2
"### 司天监挈壶正 

技术官名",2
"### 司天监官 

司天监自判监以下至挈壶正等差遣、技术官",2
"### 司天监礼生 

吏人名",2
"### 司天监历生 

吏人名",2
"### 司天监监生 

吏人名",2
"### 司天监学生 

在司天监分科习学天文、历算、三式等专业的人",2
"### 司天监历算科

窠名",1
"### 司天监历算科令

差遣名",2
"### 司天监历算科丞

差遣名",2
"### 司天监历算科主簿 

差遣名",2
"### 司天监历算 

技术官",2
"### 司天监天文科 

窠名",1
"### 司天监天文科令

差遣名",2
"### 司天监天文科丞 

差遣名",2
"### 司天监天文科主簿 

差遣名",2
"### 司天监天文官 

技术官",2
"### 司天监三式科 

窠名",2
"### 司天监三式科令

差遣名",2
"### 司天监三式科丞

差遣名",2
"### 司天监三式科主簿 

差遣名",2
"### 司天监三式科六壬 

技术官名",2
"### 司天监三式科太乙 

技术官",2
"### 司天监三式科遁甲 

技术官",2
"### 监造历

差遣名",2
"### 知算造

差遣名",2
"### 司天监天文院 

官署名",1
"### 测验记注 

技术官名",2
"### 刻择官 

技术人",2
"### 押更 

吏人",2
"### 测验浑仪刻漏所

官司名",1
"### 浑仪丞

技术官",2
"### 钟鼓院 

职局名",1
"### 直官

吏人",2
"### 鸡唱

吏人",2
"### 太史局 

官司名",1
"### 提举太史局所 

官署名",1
"### 提举太史局

差遣名",2
"### 判太史局 

差遣官名",2
"### 同判太史局 

差遣官名",1
"### 判局官

判太史局、同判太史局合称",2
"### 太史局令 

技术官名",2
"### 太史局正 

技术官名",2
"### 太史局丞 

技术官名",2
"### 太史局五官正 

太史局春官正、夏官正、中官正、秋官正、冬官正总称",1
"### 太史局春官正 

技术官名",2
"### 太史局夏官正 

技术官名",2
"### 太史局中官正 

技术官名",2
"### 太史局秋官正 

技术官名",2
"### 太史局冬官正 

技术官名",1
"### 太史局直长 

技术官名",2
"### 太史局灵台郎 

技术官名",2
"### 太史局保章正 

技术官名",2
"### 太史局挈壶正 

技术官名",2
"### 太史局五官大夫 

阶官名",2
"### 春官大夫 

太史局阶官名",2
"### 夏官大夫 

太史局阶官名",2
"### 中官大夫 

太史局阶官名",2
"### 秋官大夫 

太史局阶官名",2
"### 冬官大夫 

太史局阶官名",2
"### 太史局同知算造 

差遣官名",2
"### 太史局主管御书神位官

差遣官",2
"### 太史局天文科 

官署名",1
"### 太史局天文官 

差遣官名",2
"### 太史局历算科

官署名",1
"### 太史局历算

差遣名",1
"### 太史局三式科

官署名",1
"### 太史局三科 

太史局天文、历算、三式科总称",1
"### 太史局天文院

官司名",1
"### 酉点天文日状官

差遣名",2
"### 测验浑仪刻漏所

官局名",1
"### 主管测验浑仪刻漏所

差遣名",1
"### 主管影表官 

差遣名",2
"### 秤漏官 

差遣名",2
"### 文德殿钟鼓院 

官局名",1
"### 主管文德殿钟鼓院 

差遣名",2
"### 星漏官

差遣名",2
"### 印历所 

监当局名",1
"### 司历 

历官名",2
"### 局生 

官名、阶名",2
"### 礼历生 

太史局礼生、历生连称",2
"### 历生 

吏名",2
"### 礼生 

吏名",2
"### 学生 

吏名",2
"### 司辰 

武吏名",2
"### 四院司辰 

太史局、天文院、钟鼓院、测验浑仪刻漏所四院司辰总名",1
"### 太史局官生学生 

太史局官、局生、礼生、历生以及学生之总名（《宋会要•职官》18之96）",1
"### 太史局额内局学生

太史局编制内局生、学生的连称",1
"### 太史局额外祠祭局学生

太史局编制外专供祠祭行事的局生、学生的连称",1
"### 太史局额内外局生

太史局编制内、编制外局生的总称",1
"### 天文院司辰额内瞻望局学生

天文院所属司辰、额内瞻望局生、额内瞻望学生的连称（《宋会要•职官》18之100）",2
"### 浑仪所司辰额内瞻望局学生

测验浑仪刻漏所司辰、额内瞻望局生与额内瞻望学生的连称（《宋会要•职官》18之100）",2
"### 钟鼓院司辰局学生

文德殿钟鼓院司辰、局生、学生的连称（《宋会要•职官》18之100）",2
"### 造历局 

宋代造新历",1
"### 提领造历官 

差遣名",2
"### 参定造历官 

差遣名",2
"### 演撰官

差遣官",2
"### 提督推算 

差遣官",2
"### 推算官 

差遣官",2
"### 推算学生

差遣名",2
"### 草泽应聘造历人

宋代每开局造历",2
"### 向上人吏 

吏名",2
"### 楷书 

吏名",2
"### 太史官 

司天监、太史局官通称",2
"### 算学 

书局名",1
"### 算学生 

在算学习天文、历算、三式、法算四科之人",2
"### 国史院

修正史机构名",1
"### 修史院 

修史机构名",1
"### 编修院 

修史机构名",1
"### 史馆 

修史机构名",1
"### 国史案 

修史机构名",1
"### 提举修国史 

兼官名",2
"### 提领修国史 

避讳称",2
"### 提举国史院 

兼官名",2
"### 权提举国史院 

兼官名",2
"### 监修国史 

兼官名",2
"### 修国史 

史官名",2
"### 同修国史 

史官名",2
"### 国史院编修 

史官名",2
"### 国史院检讨官 

史官名",2
"### 实录院 

修实录机构",1
"### 专切提举监修实录 

兼官名",2
"### 提举修实录 

兼官名",2
"### 提举史馆实录院 

兼官名",2
"### 提举实录院 

兼官名",2
"### 提领实录院

避讳称",2
"### 修实录

兼官名",2
"### 权提举实录院 

兼官",1
"### 实录院修撰 

史官名",2
"### 实录院同修撰 

史官名",2
"### 权实录院同修撰 

史官名",2
"### 实录院检讨官 

史官名",2
"### 国史实录院编修检讨官 

国史院编修官",2
"### 国史日历所 

南宋时修日历机构名",1
"### 提举修日历官 

宋代每修日历",2
"### 日历所检讨官 

史官名",2
"### 日历修书官 

修日历",2
"### 日历所编类圣政检讨官 

史官名",2
"### 编修国朝会要所 

修本会要机构",1
"### 提举编修国朝会要

兼官名",2
"### 编修会要所编修 

史官名",2
"### 编修会要所参详

史官名",2
"### 编修会要所检阅文字

史官名",2
"### 定《九域图志》所

书局名",1
"### 定《九域图志》所详定 

差遣官名",2
"### 定《九域图志》所参详 

差遣官名",2
"### 定《九域图志》所编修 

差遣官名",2
"### 都大提举诸司官 

差遣官名",2
"### 承受官 

差遣官名",2
"### 主管诸司官 

差遣官名",2
"### 楷书

吏名",2
"### 供检楷书 

供检文字、点检文字、楷书三种名目书吏连称",2
"### 书库官

吏名",2
"### 私名 

吏名",2
"### 库子 

吏名",2
"### 背印 

吏名",2
"### 投送文字大程官

吏名",2
"### 投送文字亲事官

吏名",2
"### 快行亲从 

吏名",2
"### 史局 

修史机构如史馆、编修院、修史院、国史院、国史日历所、实录院等通称",1
"### 书局 

修史机构及修敕令格式、《九域图志》、类书如《册府元龟》等修书机构的泛称",1
"### 史官

凡参预修国史、实录、日历、会要、起居注等史官",2
"### 殿中省

官司名",2
"### 判殿中省事 

差遣官名",2
"### 殿中省监

宋前期阶官名",2
"### 殿中省少监

宋前期为阶官名",2
"### 殿中省丞

宋前期文臣寄禄官阶名",2
"### 殿中省主簿 

职事官名",2
"### 殿中监少丞簿

殿中省监、少监、丞、主簿连称",2
"### 令史

吏名",2
"### 书令史 

吏名",2
"### 贴司 

吏名",2
"### 殿中省六尚局 

①宋前期",2
"### 殿中省提举六尚局 

差遣名",2
"### 殿中省提举六尚局所 

官司名",2
"### 管勾殿中省六尚局 

差遣名",2
"### 尚食局 

官司名",1
"### 太官局 

官司名",1
"### 太官令 

职事官名",2
"### 勾当太官局

差遣名",1
"### 尚药局 

官司名",1
"### 尚酝局 

官司名",1
"### 尚衣局 

官司名",1
"### 尚舍局

官司名",1
"### 尚辇局 

官司名",1
"### 尚乘局 

官司名",1
"### 管勾殿中省某局 

差遣官名",2
"### 典御 

职事官名",2
"### 奉御 

职事官名",2
"### 典奉御 

殿中省六尚局典御、奉御连称",2
"### 监门 

职事官",2
"### 食医 

技术官",2
"### 膳工 

工匠名",2
"### 膳徒 

公吏名",2
"### 司珍 

公吏名",2
"### 杂役 

给使名",2
"### 医师 

技术官名",2
"### 御医 

技术官名",2
"### 医正 

技术官名",2
"### 医佐 

技术官名",2
"### 药童 

公吏名",2
"### 药工 

公吏名",2
"### 局长 

公吏名",2
"### 封人 

公吏名",2
"### 酒人 

工匠名",2
"### 酒工 

公吏名",2
"### 缝人 

工匠名",2
"### 典功 

工匠名",2
"### 染人 

工匠名",2
"### 衣徒 

公吏",2
"### 幕士 

公吏名",2
"### 正供 

公吏名",2
"### 次供 

公吏名",2
"### 书吏 

公吏名",2
"### 贴书 

公吏名",2
"### 御药院 

崇宁二年二月其大部职事归隶殿中省",1
"### 内药局 

官司名",1
"### 尚衣库 

库名",1
"### 监尚衣库 

差遣官名",2
"### 内衣库 

尚衣库旧名",1
"### 监内衣库

差遣名",2
"### 衣库 

库名",1
"### 监衣库

差遣名",1
"### 受纳匹缎库 

库名",1
"### 内衣物库 

库名",1
"### 监内衣物库 

差遣名",2
"### 受纳衣服库 

库名",1
"### 新衣库 

库名",1
"### 监新衣库

差遣名",2
"### 裁造院 

官司名",1
"### 朝服、法物库 

库名",1
"### 监朝服、法物库

差遣名",2
"### 专知官 

公吏名",2
"### 副知 

公吏名",2
"### 专副 

专知官与副知连称",2
"### 库子 

公吏名",2
"### 掌库 

公吏名",2
"### 库典 

公吏名",2
"### 下都

公吏名",2
"### 九寺五监 

太常寺、崇正寺、光禄寺、卫尉寺、鸿胪寺、大理寺、太仆寺、司农寺、太府寺为九寺",1
"### 九寺三监 

①宋前期三监指秘书监、少府监将作监",2
"### 寺监长官 

①宋前期为九寺三监（秘书监、少府监、将作监）长官连称",2
"### 寺监副贰 

①北宋前期",2
"### 诸寺监丞 

①宋前期系九寺三监丞之总名",2
"### 诸寺监主簿 

①宋前期九寺三监主簿总名",2
"### 九卿 

宋九寺长官皆称卿",2
"### 九寺少卿 

宋九寺副长官都称少卿",2
"### 卿少 

九寺卿与少卿或某寺卿与少卿连称",2
"### 九寺丞 

九寺（太常、宗正、光禄、卫射、司农、太仆、大理、鸿胪、太府寺）均置丞",2
"### 九寺主簿 

太常、宗正、光禄、卫射、太仆、大理、鸿胪、司农、太府寺等九寺",2
"### 七寺 

宋代九寺",1
"### 七寺卿 

九卿中除太常卿、宗正卿二卿之外",2
"### 七寺少卿 

九寺少卿中",2
"### 七寺丞 

九寺丞中除太常寺、宗正寺外",2
"### 三丞

宋代宗正寺丞、太常寺丞、秘书省丞号称“三丞”",2
"### 太常寺

官司名",2
"### 判太常寺

差遣名",2
"### 同判太常寺 

差遣名",2
"### 太常寺卿

宋前期阶官名",2
"### 太常寺少卿 

宋前期阶官名",2
"### 太常卿少 

太常卿、太常少卿连称",2
"### 太常寺丞

宋前期文臣寄禄官阶",2
"### 太常寺博士 

宋前期文臣寄禄官阶",2
"### 太常寺主簿

寄禄官名、职事官名",2
"### 太常寺协律郎

职事官名",2
"### 太常寺奉礼郎 

宋前期寄禄官名",2
"### 太常寺太祝

宋前期为文臣迁转官名",2
"### 礼仪案 

元丰改制后太常寺办事机构之一",1
"### 礼祭案 

元丰改制后太常寺办事机构之一",1
"### 坛庙案 

元丰改制后太常寺办事机构之一",1
"### 太乐案 

元丰改制后太常寺办事机构之一",1
"### 法物案 

元丰改制后太常寺办事机构之一",1
"### 廪牺案

元丰改制后太常寺办事机构之一",1
"### 太医案

元丰改制后太常寺办事机构之一",1
"### 掌法案 

元丰改制后太常寺机构之一",1
"### 知杂案 

元丰改制后太常寺机构之一",1
"### 郊社局令 

职事官名",2
"### 太社局令 

职事官名",2
"### 太乐局 

官司名",1
"### 太乐署 

即太乐局",1
"### 太乐局令 

乐官名",2
"### 太乐局丞 

乐官名",2
"### 太乐署丞 

乐官名",2
"### 乐正 

乐工名",2
"### 副乐正 

乐工名",2
"### 鼓吹局 

官司名",1
"### 鼓吹署 

即鼓吹局",1
"### 鼓吹局令 

乐官名",2
"### 鼓吹局丞

乐官名",2
"### 详定大乐所

临时机构名",1
"### 太庙宫闱令

差遣官",2
"### 太庙宫闱丞 

差遣官",2
"### 皇后庙宫闱令 

差遣名",2
"### 奉慈庙宫闱令

差遣名",2
"### 宫闱令 

太庙宫闱令、皇后庙宫闱令、奉慈庙宫闱令通称",2
"### 太庙斋郎

祠祭行事官名、荫补官名",2
"### 太庙室长 

祠祭行事官、荫补官名",2
"### 第四室长

太庙分室",2
"### 郊社斋郎 

祭祀行事官名、萌补官名",2
"### 斋郎 

郊社斋郎、太庙斋郎通称",2
"### 掌坐 

萌补官名",2
"### 挽郎 

荫补官名",2
"### 礼官 

宋前期太常礼院、礼仪院官",2
"### 籍田司 

官司名",2
"### 籍田司令 

差遣名",2
"### 甲头 

系于籍田司的农人",2
"### 耕籍使 

籍田行事官",2
"### 教坊 

乐司名",2
"### 教坊使 

伶官名",2
"### 教坊副使 

伶官名",2
"### 教坊判官

伶官名",2
"### 高班都知 

伶官名",2
"### 都知 

伶官名",2
"### 都管 

即教坊都知",2
"### 掌仪范 

伶官名",2
"### 管干教头 

伶官名",2
"### 都部头 

乐工",2
"### 部头 

乐工名",2
"### 副部头 

乐工",2
"### 都色长 

乐工名",2
"### 色长

乐工名",2
"### 筝色长

乐工名",2
"### 制撰文字 

杂流官名",2
"### 同制撰文字 

杂流官名",2
"### 钤辖教坊所 

官司名",2
"### 钤辖教坊 

差遣官",2
"### 教乐所 

乐司名",1
"### 衙前乐 

乐司名",2
"### 衙前乐都管 

杂流伶官",2
"### 守阙衙前 

和雇伶人名",2
"### 大晟府 

乐司名",2
"### 大司乐 

乐官名",2
"### 典乐 

乐官名",2
"### 大乐令 

乐官名",2
"### 主簿 

职事官名",2
"### 协律郎

乐官",2
"### 按协声律 

乐官名",2
"### 制撰文字

乐官名",2
"### 掌事

乐官名",2
"### 运谱 

乐官名",2
"### 品秩

与色长序列同（《宋会要•职官》22之27）",2
"### 大晟府乐工 

乐工、乐师、色长、上工、中工、下工、舞师之总名（《宋会要•职官》22之25）",2
"### 舞师 

乐工名",2
"### 二舞色长 

乐工名",2
"### 引舞

乐工名",2
"### 舞头 

乐工名",2
"### 舞郎

乐工名",2
"### 乐正 

乐工名",2
"### 副乐正 

乐工名",2
"### 乐师 

乐工名",2
"### 上乐工 

乐工名",2
"### 中乐工 

乐工名",2
"### 下乐工 

乐工名",2
"### 执色乐工 

凡具体应承演奏某种乐器（诸如筝、琵琶、笙等）的乐工",2
"### 大晟府吏 

胥长、胥史、 佐、贴书等等属文书吏",2
"### 胥长 

吏名",2
"### 胥史 

吏名",2
"### 胥佐 

吏名",2
"### 贴书 

吏名",2
"### 大乐案 

大晟府案名之一",2
"### 鼓吹案 

大晟府案名之一",2
"### 宴乐案 

大晟府案名之一",2
"### 法物案 

大晟府案名之一",2
"### 知杂案 

大晟府所需案名之一",2
"### 掌法案 

大晟府所需案名之一",2
"### 提举大晟府所 

官司名",2
"### 伶人 

以乐舞演剧为业的技艺人通称",2
"### 伶官 

乐官、乐人皆可通称伶官",2
"### 俳优 

与“伶人”等同义",2
"### 太医局 

官司名",1
"### 太医局令 

职事官名",2
"### 太医局正 

职事官名",2
"### 太医局丞 

职事官名",2
"### 知太医局丞公事 

差遣官",2
"### 教授 

职事官名",2
"### 提举太医局所

官司名",1
"### 提举太医局 

差遣名",2
"### 判太医局 

差遣名",1
"### 管勾太医局 

差遣名",1
"### 主管太医局 

即管勾太医局",1
"### 提点太医局 

差遣名",1
"### 太医局习学医生 

太医局九科新试中（即新招）学生称习学医生",1
"### 太医局局生 

南宋嘉泰间",1
"### 太医局堂长 

杂职名",2
"### 太医局斋长 

杂职名",2
"### 太医局司书 

杂职名",1
"### 太医局司门 

杂职名",1
"### 广场人 

局生出官人",2
"### 太医局上等学生 

太医局人等学生之一种",2
"### 太医局中等学生

太医局入等学生之一种",1
"### 太医局下等学生 

太医局人等学生之一种",2
"### 医人 

民间业医人",2
"### 宗正寺

官司名",1
"### 判宗正寺事 

差遣官",2
"### 同判宗正寺事

差遣官",2
"### 知宗正寺事 

差遣官名",2
"### 权知宗正寺事 

差遣名",2
"### 宗正寺卿 

行事官、职事官名",2
"### 宗正寺少卿 

行事官、职事官名",2
"### 宗正寺丞 

宋前期寄禄官名",2
"### 知宗正丞事

差遣官",2
"### 宗正寺主簿 

寄禄官名、职事官名",2
"### 宗正寺伴读

差遣官",2
"### 主行编修属籍案 

宗正寺办事机构之一",1
"### 知杂案 

宗正寺办事机构之一",1
"### 宗正寺职掌 

宗正寺胥吏总名",2
"### 胥长

吏名",2
"### 府吏 

公吏名",2
"### 太庙令 

职事官名",2
"### 西京诸陵所

北宋永安陵所、永昌陵所、永熙陵所、永定陵所、永昭陵所、永厚陵所、永裕陵所、永泰陵所总名",1
"### 三陵使、副使 

差遣名",2
"### 三陵都监

差遣名",2
"### 陵使、副陵使 

差遣名",2
"### 陵都监 

差遣名",2
"### 陵巡检

差遣名",2
"### 诸陵勾当香火内品

差遣名",2
"### 陵台令司 

官司名",2
"### 陵台令 

职事官名",2
"### 巩县令兼陵台令事 

太宗雍熙二年五月",2
"### 知陵台令兼永安县事

真宗景德四年

## /page{317R}

正月二十九日",2
"### 知会稽县事兼主管攒宫事务

绍兴二十九年九月十日置",2
"### 知会稽县事兼陵台令

孝宗乾道间",2
"### 攒宫司 

官司名",2
"### 攒宫都监 

差遣名",2
"### 检察宫陵所 

官司名",1
"### 山陵使 

丧礼行事官名",2
"### 园陵使

丧礼行事官名",2
"### 陵官

诸陵使、副使等奉祀陵寝官之通称",2
"### 园令 

职事官名",2
"### 知园令 

职事官名",2
"### 大宗正司

官司名",2
"### 判大宗正司事 

职事官名",2
"### 同判大宗正司事

职事官名",2
"### 知大宗正司事 

职事官名",2
"### 同知大宗正司事 

职事官名",2
"### 记室参军 

职事官",2
"### 知大宗正司丞事 

职事官",2
"### 同知大宗正司丞事 

职事官名",2
"### 讲书 

宗学官",2
"### 教授

宗学官",2
"### 士案 

大宗正司办事机构之一",1
"### 户案 

大宗正司办事机构之一",1
"### 仪案 

大宗正司办事机构之一",1
"### 兵案

大宗正司办事机构之一",1
"### 刑案 

大宗正司办事机构之一",1
"### 工案 

大宗正司办事机构之一",1
"### 主押

官吏名",2
"### 押司官

吏名",2
"### 前行 

吏名",2
"### 后行 

吏名",2
"### 正名贴司 

吏名",2
"### 守阙正名贴司 

吏名",2
"### 私名贴司 

吏名",2
"### 行在大宗正司 

官司名",2
"### 绍兴府大宗正行司 

官司名",1
"### 主管宗室财用 

职事官",2
"### 教授 

宗学官",2
"### 南京外宗正司 

官司名",1
"### 西京外宗正司 

官司名",2
"### 外宗正司 

①北宋时",2
"### 西南两外宗正司 

南外宗正司与西外宗正司合称",2
"### 知南外宗正事 

职事官",2
"### 知西外宗正事 

职事官",2
"### 知宗 

知西外宗正司事、知南外宗正司事官通称",2
"### 判西外宗正事

职事官",2
"### 外宗正丞 

兼官名",2
"### 外宗正主簿 

兼官名",2
"### 财用司 

官司名",2
"### 管勾宗室财用 

职事官",2
"### 主管宗室财用 

职事官",2
"### 指使 

职事官",2
"### 军典 

公吏名",2
"### 敦宗院 

官司名",1
"### 南京敦宗院 

北宋崇宁元年十一月十二日诏置于南京应天府",1
"### 两京敦宗院 

西京敦宗院、南京敦宗院合称",1
"### 保州敦宗院

北宋大观二年八月二十二日

## /page{324L}

创置于保州",1
"### 管勾敦宗院 

职事官名",2
"### 监敦宗院门 

职事官",2
"### 军典 

公吏名",2
"### 敦宗院教授 

宗学官",2
"### 都尊长 

宗官名",2
"### 尊长 

宗官名",2
"### 玉牒所 

官司名",1
"### 提举编修玉牒

兼官",2
"### 提领编修玉牒

避讳称",2
"### 修玉牒官 

差遣名",2
"### 玉牒所检讨官 

差遣官",2
"### 玉牒所玉牒殿主管香火 

差遣官",2
"### 干办玉牒所玉牒殿

即玉所玉惵殿主管香火",2
"### 专副

专知官、副知连称",2
"### 库子

公吏名",2
"### 宗官

宗正寺、大宗正司及西、南外宗正司等管理

## /page{325R}

宗室机构的属官",2
"### 宗职 

宗官或称宗职",2
"### 光禄寺

官司名",2
"### 判光禄寺事

差遣名",2
"### 光禄寺卿

宋前期寄禄官名",2
"### 光禄寺少卿

宋前期寄禄官名",2
"### 光禄寺丞 

宋前期为寄禄官名",2
"### 光禄寺主簿 

寄禄官名、职事官名",2
"### 太官令 

职事官名",2
"### 府史 

吏名",2
"### 驱使官 

吏名",2
"### 供官 

吏名",2
"### 胥佐 

吏名",2
"### 贴书 

吏名",2
"### 御厨 

内诸司名",2
"### 勾当御厨官 

差遣名",2
"### 御厨五局 

御厨按分工划为五局",1
"### 监御厨官

差遣名",2
"### 拘押官物使臣 

差遣名",2
"### 副知

公吏名",2
"### 押司官 

公吏名",2
"### 手分 

公吏名",2
"### 书手 

公吏名",2
"### 食手

公吏名",2
"### 厨子 

在御厨执役做菜、做饭",2
"### 供食院子 

公吏名",2
"### 门子 

公吏名",2
"### 供御厨库子 

公吏名",2
"### 库院子 

公吏名",2
"### 入内院子 

公吏名",2
"### 御膳素厨

内诸司名",2
"### 法酒库 

监当局名",1
"### 内酒坊 

监当局名",1
"### 内物料库 

监当局名",1
"### 外物料库 

监当局名",2
"### 乳酪院

监当局名",1
"### 油醋库 

监当局名",1
"### 翰林司

内诸司名",2
"### 勾当翰林司公事 

差遣名",2
"### 药童

公吏名",2
"### 供御人 

杂职名",2
"### 专知官

公吏名",2
"### 副知

公吏名",2
"### 翰林司营 

两宋并置",1
"### 牛羊司 

监当局名",2
"### 勾当牛羊司 

差遣名",2
"### 监牛羊司 

差遣名",2
"### 牧羊群头 

公吏名",2
"### 牧子 

公吏名",2
"### 揣子 

公吏名",2
"### 估羊节级 

公吏名",2
"### 巡羊十将

武职名",2
"### 巡羊员僚 

武职名",2
"### 巡羊使臣 

武职名",2
"### 曹司

公吏名",2
"### 承局 

公吏名",2
"### 宰手 

公吏名",2
"### 秤子 

公吏名",2
"### 宰杀务 

监当局名",2
"### 牛羊供应所

监当局名",1
"### 勾当栈圈官

差遣名",2
"### 卫尉寺

官司名",2
"### 卫尉寺卿 

寄禄官名、职事官名",2
"### 判卫尉寺事 

差遣名",2
"### 卫尉寺少卿 

寄禄官、职事官名",2
"### 卫尉寺丞 

寄禄官名、职事官名",2
"### 卫尉寺主簿 

寄禄官、职事官名",2
"### 府史 

公吏名",2
"### 提印剩员 

公吏名",2
"### 内弓箭库 

监当局名",1
"### 都大提点弓箭库 

差遣名",2
"### 内弓箭南库

监当局名",1
"### 内弓箭外库 

监当局名",2
"### 内弓箭内库 

监当局名",1
"### 内弓箭南、内、外库

神宗元丰间",1
"### 内弓箭库南外库

内弓箭库原一库",1
"### 军器库 

监当局名",1
"### 管勾制置军器司

差遣名",2
"### 都大提点军器库所 

官司名",2
"### 都大提举内军器库所

官司名",2
"### 都大提举内弓箭军器库

差遣名",2
"### 军器五库 

北宋军器库下所属五库：军器衣甲库、军器弓枪库、军器弩剑箭库、军器什物库、拣选衣甲器械库",1
"### 军器衣甲库 

监当局名",1
"### 监军器衣甲库 

差遣名",2
"### 军器弓枪库 

监当局名",1
"### 监军器弓枪库 

差遣名",2
"### 军器弩剑箭库

监当局名",1
"### 监弩剑箭库 

差遣名",2
"### 军器什物库 

监当局名",1
"### 监军器什物库 

差遣名",2
"### 拣选衣甲器械库 

监当局名",1
"### 监拣选衣甲器械库 

差遣名",1
"### 军器库掾

军器诸库祇应公人（专知官、副知、库子、前行、手分）等泛称（《宋会要•食货》52之25、27）",2
"### 军器七库

①北宋神宗朝卫尉寺所隶七库",2
"### 内军器库 

监当局名",1
"### 都大提点内军器库所

官司名",2
"### 监专

监库官与专知官合称",2
"### 库子 

公吏名",2
"### 架子头

公吏名",2
"### 内军器库营 

设在临安府清波门内沿城之南",1
"### 管库兵五阶级

七军器库（后并为内军器库）均置有看管兵校",2
"### 节级 

管库兵五阶级职名之一",2
"### 将虞候 

管库兵五阶级职名之一",2
"### 十将 

管库兵五阶级职名之一",2
"### 副都头 

管库兵五阶级职名之一",2
"### 指挥使 

管库兵五阶级职名之一",2
"### 仪鸾司

官司名",1
"### 仪鸾司营 

北宋时设于开封拱辰门外嘉平坊",1
"### 仪鸾司南北营都虞候 

武官名",2
"### 官小 

隶仪鸾司",2
"### 押司官 

公吏名",2
"### 左、右金吾街司

官司名",2
"### 左金吾街司

官司名",2
"### 右金吾街司

官司名",2
"### 左、右街使 

职事官名",2
"### 知右街司事

差遣名",2
"### 判左、右金吾街司事 

差遣名",2
"### 左、右金吾引驾仗司

官司名",2
"### 左金吾引驾仗司

官司名",2
"### 右金吾引驾仗司

官司名",2
"### 判左、右金吾引驾仗司事 

差遣名",2
"### 左金吾街仗司

左金吾街司、左金吾引驾仗司合称",2
"### 左、右金吾街仗司 

左、右金吾街司与左、右金吾仗司",2
"### 判左、右金吾街仗司

差遣名",2
"### 左、右金吾都监兼勾当街仗司事

差遣名",2
"### 勾当左右金吾街仗、六军仪仗司事

差遣名",2
"### 干办左、右金吾街仗司事

差遣名",2
"### 孔目官

公吏名",2
"### 勾押官 

公吏名",2
"### 引驾官 

公吏名",2
"### 都押衙 

公吏名",2
"### 勾画都知 

公吏名",2
"### 四色官 

公吏名",2
"### 䂍矟官 

公吏名",2
"### 知箭门仗官 

公吏名",2
"### 探头 

公吏名",2
"### 喝探 

兵士",2
"### 六军仪仗司 

官司名",1
"### 左、右羽林军 

禁军番号",2
"### 左、右羽林军统军 

武官名",2
"### 右羽林军上将军 

武官名",2
"### 左、右龙武军 

禁军番号",2
"### 左、右龙武统军 

武官名",2
"### 左、右神武军 

禁军番号",2
"### 左、右神武军统军 

武官名",2
"### 喝探

兵士",2
"### 警场

兵士",2
"### 六军 

①原指六军仪仗",2
"### 六统军 

左、右羽林军统军",2
"### 太仆寺

官司名",2
"### 判太仆寺事 

差遣名",2
"### 太仆寺卿 

寄禄官、职事官",2
"### 太仆寺少卿 

寄禄官、职事官名",2
"### 太仆寺丞 

寄禄官、职事官名",2
"### 太仆寺主簿 

寄禄官、职事官名",2
"### 府史 

公吏名",2
"### 左、右飞龙院 

官司名",2
"### 左、右飞龙使 

差遣名",2
"### 左、右天厩院 

官司名",2
"### 左、右天厩使

差遣名",2
"### 左、右骐骥院 

官司名",1
"### 勾当左、右骐骥院 

差遣名",2
"### 养马务 

监当局名",1
"### 左、右天驷监 

监当局名",2
"### 天驷左第一监 

天驷四监之一",2
"### 左右天厩坊 

监当局名",1
"### 左、右骐骥、六坊监 

在京左、右骐骥两院",2
"### 牧养上、下监 

监当局名",1
"### 左、右教骏营

禁军番号名",2
"### 教骏军士

牧马卒",2
"### 教骏军使

武官名",2
"### 骑御马左、右直 

禁军番号名",2
"### 骑御马直小底 

有资级军吏名",2
"### 骑御马直指挥使 

马官名",2
"### 兽医 

有资级军吏名",2
"### 长行 

有资级军吏名",2
"### 左右骐骥院将校兵级 

左右骐骥院所属教骏营等牧马兵级、将校的总称",2
"### 鞍辔库 

监当局名",1
"### 军典 

公吏名",2
"### 驼坊 

监当局名",1
"### 同干办驼坊公事 

职事官",2
"### 养象所

监当局名",1
"### 专典 

公吏名",2
"### 车营务 

监当局名",1
"### 监车营务 

差遣名",2
"### 致远务 

监当局名",1
"### 御辇院 

监当局名",1
"### 监御辇院 

差遣名",2
"### 供御指挥使 

武职名",2
"### 供御都虞候 

武职名",2
"### 供御军使 

武职名",2
"### 供御副兵马使 

武职名",2
"### 供御十将 

武职名",2
"### 供御将虞候 

武职名",2
"### 管押节级

武职名",2
"### 祗应节级

武职名",2
"### 供御辇官 

应奉人",2
"### 次供御辇官 

应奉人",2
"### 供御营 

在京厢军番号",1
"### 次供御营 

在京厢军番号",2
"### 下都营 

在京厢军番号",1
"### 下都辇官长行 

应奉人",2
"### 下都辇官 

应奉人",2
"### 辇官 

辇官院所属供御辇官、次供御辇官、下都辇官通称",2
"### 下都辇直 

下都营支差某处当直的辇官（《宋史 仪卫志》2《皇太后仪卫》、《宋会要•职官》19之17）",2
"### 御辇院公吏 

御辇院所属公吏有专知官、副知官、押司、手分四等：“今后本院公吏如有短少年月之人",2
"### 专副 

主管官物的专知官、副知官的连称（《宋会要•职官》19之19）",2
"### 车子院 

监当局名",1
"### 车辂院 

监当局名",1
"### 监车辂院门 

监当官差遣",2
"### 御前马院 

监当局名",1
"### 御前马院习马使效 

诸军将校差往御前马院供职骑习御马祇应者",2
"### 良马院 

监当局名",1
"### 鸿胪寺

官司名",2
"### 判鸿胪寺事 

差遣官名",2
"### 摄鸿胪卿 

临时假借官",2
"### 鸿胪寺卿 

职事官名",2
"### 鸿胪寺少卿 

职事官名",2
"### 鸿胪寺丞 

阶官名",2
"### 鸿胪寺主簿 

职事官名",2
"### 往来国信所 

官司名",1
"### 都亭驿 

馆驿名",1
"### 都亭西驿 

馆驿",1
"### 管勾都亭西驿所 

官司名",1
"### 怀远驿 

馆驿",1
"### 来远驿 

馆驿名",1
"### 樟亭驿

馆驿名",1
"### 班荆馆 

馆驿名",1
"### 礼宾院 

官司名",1
"### 传法院 

官司名",1
"### 译经院 

隋朝有翻经馆（《事物纪原》卷7）",1
"### 知译经院

差遣名",1
"### 译经使兼润文

兼官",2
"### 译经润文使司 

译经使兼润文虽为挂衔官",2
"### 译经润文官 

兼官",2
"### 西天译经三藏

官名",2
"### 西天同译经三藏

官名",2
"### 译经三藏大法师 

译经僧官师号",2
"### 译经三藏法师 

译经僧官师号",2
"### 梵学笔受

官名",2
"### 译经缀文 

官名",2
"### 证义 

官名",2
"### 印经院 

官司名",1
"### 同文馆

馆驿名",1
"### 管勾同文馆所 

官司名",2
"### 在京寺务司 

官司名",2
"### 提点在京寺务司

差遣官名",2
"### 提点在京寺务所 

官司名",1
"### 课利司 

官司名",2
"### 功德使

官名",2
"### 左、右街僧录司 

官司名",2
"### 左、右街正僧录 

僧官名",2
"### 左、右街副僧录 

僧官名",2
"### 左、右街都监 

僧官名",2
"### 左、右街首座

僧官名",2
"### 左、右街鉴义

僧官名",2
"### 左、右街守阙鉴义

僧官名",2
"### 僧正司

官司名",2
"### 僧正 

僧官名",2
"### 德士司 

官司名",2
"### 左、右街道录院 

官司名",2
"### 道德院 

官司名",1
"### 提举秘书省左右街道录院

官司名",2
"### 道录司

官司名",2
"### 道正司 

官司名",2
"### 道正 

道官名",2
"### 副道正 

道官名",2
"### 山门道正司

官方批准建立的道山管理机

## /page{355L}

构",1
"### 都道录 

北宋道官名",2
"### 知左右街道录院事

北宋徽宗朝道官名",2
"### 左、右街都道录 

南宋道官名",2
"### 副都道录

北宋道官名",2
"### 同知左、右街道录院事

道官名",2
"### 左街道录 

道官名",2
"### 知左街道录院事 

道官名",2
"### 右街道录 

道官名",2
"### 知右街道录院事 

道官名",2
"### 左街副道录 

道官名",2
"### 同知左街道录院事 

道官名",2
"### 右街副道录 

道官名",2
"### 同知右街道录院事

道官名",2
"### 左街都监 

道官名",2
"### 签书左街道录院事 

道官名",2
"### 右街都监 

道官名",2
"### 签书右街道录院事

道官名",2
"### 左街副都监 

道官名",2
"### 同签书左街道录院事 

道官名",2
"### 右街副都监

道官名",2
"### 同签书右街道录院事 

道官名",2
"### 道官 

宋代道官",2
"### 提点中太一宫所 

官司名",1
"### 提点建隆观所 

官司名",2
"### 提点资圣院所 

官司名",1
"### 提点崇真资圣禅院所 

官司名",1
"### 司农寺 

官司名",2
"### 判司农寺事 

差遣官名",2
"### 同判司农寺事 

差遣名",2
"### 司农寺卿 

阶官名",2
"### 司农寺少卿 

阶官名、职事官名",2
"### 司农寺丞 

阶官名、职事官名",2
"### 司农寺都丞 

职事官名",2
"### 权司农寺都丞

职事官名",2
"### 权发遣司农寺都丞

职事官名",2
"### 司农寺主簿 

职事官名",2
"### 司农寺勾当公事 

差遣官名",2
"### 抱历曹司 

吏名",2
"### 手分 

吏名",2
"### 贴书 

吏名",2
"### 司农寺仓 

宋前期隶提点在京仓场所",1
"### 折中仓 

仓名",1
"### 水辗磨务 

监当局名",2
"### 司农寺草料场

宋前期隶提点在京仓场所",1
"### 监专 

诸仓、草场监官（使臣充）与专知、副知（吏人）的合称",2
"### 提点在京仓草场所 

官司名",2
"### 提点在京仓草场 

差遣名",2
"### 都大提点在京仓草场司 

官司名",2
"### 都大提点在京仓草场 

差遣名",2
"### 手分 

吏名",2
"### 后行

吏名",2
"### 专知官 

吏名",2
"### 副知 

吏名",2
"### 衙前 

州府役吏总称",2
"### 脚子 

公人名",2
"### 攒司 

吏名",2
"### 提辖修仓所 

官司名",1
"### 四园苑 

北宋京师开封四大御花园之总称",1
"### 玉津园 

北宋京师四大御花园之一",1
"### 瑞圣苑 

北宋京师四大御花园之一",1
"### 宜春苑

北宋京师四大御花园之一",1
"### 琼林苑

北宋京师四大御花园之一",1
"### 聚景园

南宋京师临安府御花园",1
"### 四排岸司

北宋在京四排岸司",2
"### 京东排岸司 

监当局名",2
"### 京西排岸司 

监当局名",1
"### 京南排岸司 

监当局名",1
"### 京北排岸司 

监当局名",1
"### 司农寺排岸司 

南宋监当局名",2
"### 所由

公人名",2
"### 前行 

吏名",2
"### 排岸兼管船场公事 

职事官名",2
"### 下卸司 

监当局名",1
"### 下卸兵士 

隶下卸司五指挥",2
"### 散从官 

公人名",2
"### 都曲院 

监当局名",1
"### 小博士 

酒户洁卖官酒者",2
"### 杂职 

公人名",2
"### 内柴炭库 

监当局名",1
"### 炭场 

监当局名",1
"### 太府寺

官司名",2
"### 判太府寺事

差遣官",2
"### 太府寺卿

职事官名",2
"### 太府寺少卿 

职事官名",2
"### 太府寺丞 

职事官名",2
"### 太府寺主簿 

职事官名",2
"### 太府寺市易案

北宋太府寺九案之一",2
"### 太府寺平准案

元符三年五月十七日由市易案改名（《宋会要•职官》27之16）",2
"### 太府寺第一案 

南宋太府寺八案之一",1
"### 太府寺第二案

南宋太府寺八案之一",2
"### 太府寺第三案 

南宋太府寺八案之一",1
"### 太府寺第四案 

南宋太府寺八案之一",2
"### 太府寺第五案 

南宋太府寺八案之一",2
"### 太府寺第六案 

南宋太府寺八案之一",1
"### 太府寺药案 

南宋太府寺八案之一",2
"### 太府寺监交案 

南宋太府寺八案之一",2
"### 牙人 

公人",2
"### 左藏库 

监当局名",2
"### 监左藏库 

差遣名",2
"### 提辖左藏东、西库

差遣名",2
"### 拘押官 

差遣名",2
"### 都门官 

差遣名",2
"### 中门官 

差遣名",2
"### 左藏库都中门官

左藏库西库都门官与左藏库东库中门官之连称",2
"### 左藏南库

监当局名",1
"### 左藏西上库

监当局名",1
"### 封桩下库 

监当局名",1
"### 提辖封桩下库

差遣名",2
"### 封桩上库 

监当局名",1
"### 提辖封桩上库

差遣名",2
"### 内藏库 

监当局名",2
"### 奉宸库 

监当局名",1
"### 祇候库 

监当局名",1
"### 封桩库 

监当局名",1
"### 景福内库

监当局名",2
"### 元丰库 

监当局名",1
"### 布库 

监当局名",1
"### 药蜜库 

监当局名",1
"### 都茶库 

监当局名",1
"### 杂物库 

监当局名",1
"### 在京斗秤务 

监当局名",1
"### 监斗秤务官 

差遣名",2
"### 斗秤务 

监当局名",1
"### 都商税院 

监当局名",1
"### 拦头 

公吏名",2
"### 专拦 

公吏名",2
"### 曹司

公人名",2
"### 数钱 

公吏名",2
"### 在京市易务 

监当局名",1
"### 提举在京市易务 

差遣官名",2
"### 都提举市易司 

监当局名",2
"### 都提举市易司公事

差遣官名",2
"### 在京市易东务上界 

监当局名",1
"### 在京市易西务下界

监当局名",1
"### 在京交子务 

监当局名",1
"### 益州交子务 

监当局名",1
"### 杂买务 

监当局名",2
"### 辨验药材官 

差遣名",2
"### 外催 

公人",2
"### 秤子 

公人",2
"### 杂卖场 

监当局名",1
"### 专知官

吏名",2
"### 提辖杂买务杂卖场 

差遣官",2
"### 交引库

监当局名",1
"### 抵当所 

监当局名",1
"### 抵当库 

诸路州军监当局名",1
"### 楼店务 

监当局名",1
"### 左右厢店宅务

监当局名",1
"### 监左右厢店宅务 

差遣名",2
"### 掠钱亲事官 

公吏名",2
"### 店宅务专知官 

公吏名",2
"### 店宅务勾押官

公吏名",2
"### 病坊 

北宋元祐四年十二月",2
"### 养济院 

监当局名",1
"### 和剂局 

监当局名",1
"### 和剂局修合官

差遣名",2
"### 太平惠民局 

监当局名",1
"### 监太平惠民局

差遣官",2
"### 监行在太平惠民和剂局 

差遣官",2
"### 太医局熟药所 

监当局名",1
"### 监太医局熟药所 

差遣名",1
"### 石炭场

监当局名",1
"### 汴河上锁 

监当局名",2
"### 汴河下锁 

监当局名",2
"### 汴河锁 

汴河上、下二锁连称",1
"### 蔡河上锁

监当局名",2
"### 蔡河下锁

监当局名",1
"### 蔡河锁 

蔡河上、下二锁的连称",1
"### 香药库 

监当局名",1
"### 内香药库 

监当局名",1
"### 监内香药库 

差遣名",1
"### 外香药库

监当局名",1
"### 在京粮料院

监当局名",1
"### 监行在诸司粮料院 

差遣名",2
"### 干办行在诸司粮料院 

差遣官",2
"### 诸军粮料院

监当局名",1
"### 监行在诸军粮料院

差遣名",2
"### 干办行在诸军粮料院 

差遣名",2
"### 分差建康府诸军粮料院 

监当局名",1
"### 分差镇江府诸军、诸司粮料院

监当局名",1
"### 分差鄂州户部粮料院 

监当局名",1
"### 总领四川财赋军马钱粮所干办行在分差户部利州粮料院 

监当局名",1
"### 总领四川财赋军马钱粮所干办行在分差户部鱼关粮料院 

监当局名",1
"### 分差粮料院 

诸军分差粮料院（建康、镇江、鄂州、利州、鱼关）的通称",1
"### 诸军专勾司 

官司名",2
"### 诸军审计司 

即诸军专勾司",2
"### 干办行在诸军审计司 

差遣名",1
"### 诸司专勾司

官司名",2
"### 诸司审计司 

即诸司专勾司",2
"### 监行在诸司审计司

差遣名",2
"### 干办行在诸司审计司

差遣名",1
"### 专勾司 

北宋元丰二年六月九日前",2
"### 审计司 

南宋诸司审计司、诸军审计司通称",2
"### 粮勾院 

北宋诸司、诸军粮料院与诸司、诸军专勾司合称",1
"### 行在粮审院 

南宋行在诸司、诸军粗料院",1
"### 干办审计司 

南宋干办行在诸司审计司、干办行在诸军审计司官通称",2
"### 六院官 

南宋监登闻鼓院一员、监登闻检院一员、干办行在诸司粮料院二员、干办行在诸军粮料院一员、干办行在诸军审计司二员、干办行在诸司审计司二员、主管官告院二员、监都进奏院二员",2
"### 干办户部分差审计司 

鄂州、建康、镇江诸军置户部分差粮料院同时",2
"### 鄂州、建康、镇江分差粮审院

分差鄂州、建康、镇江粮料院与审计司合称（《宋会要•职官》27之60）",1
"### 行在省仓上界 

监当局名",2
"### 行在省仓中界 

监当局名",2
"### 行在省仓下界 

监当局名",2
"### 丰储仓 

监当局名",1
"### 编套二局 

编估局、打套局合称",1
"### 编估局 

监当局名",1
"### 打套局 

监当局名",1
"### 库经司

打套局吏人",2
"### 寄桩库

南宋监当局名",1
"### 五监 

北宋元丰定制",2
"### 三监 

南宋以秘书省、军器监、将作监为“三监”",1
"### 判监 

宋前期",2
"### 大监 

除国子监祭酒、都水监使者外",2
"### 正监 

诸监监（长官）也称正监",2
"### 副监 

凡诸监少监",2
"### 监少 

诸监监与少监连称",2
"### 监长贰 

监长指诸正监、监贰指诸少监",2
"### 监丞

诸监长贰未必都称监、少监",2
"### 监簿 

凡监均置主簿",2
"### 五监主簿 

元丰新制",2
"### 国子监 

①官司名",1
"### 判国子监事

差遣名",2
"### 同判国子监事 

差遣名",2
"### 管勾国子监公事 

差遣名",2
"### 同管勾国子监公事 

差遣名",2
"### 判国子学事 

差遣名",2
"### 国子监祭酒 

职事官名",2
"### 国子监司业

职事官名",2
"### 国子监丞 

官阶名、职事官名",2
"### 国子监主簿 

职事官名",2
"### 国子监博士 

阶官名、学官名",2
"### 五经博士

《春秋》博士、《礼记》博士、《毛诗》博士、《尚书》博士、《周易》博士合称",2
"### 国子书博士 

祗应官名",2
"### 国子监说书

学官名",2
"### 国子监讲书

学官名",2
"### 国子监直讲 

学官名",2
"### 国子监正 

学官名",2
"### 国子监录

学官名",2
"### 监国子监书库 

差遣名",2
"### 监国子监公厨

差遣名",2
"### 国子监助教

学官名",2
"### 国子学 

官学名、官司名",1
"### 学窠 

南宋国子监窠名之一",1
"### 厨库窠 

南宋国子监窠名之一",1
"### 知杂窠 

南宋国子监窠名之一",1
"### 胥长 

吏名",2
"### 胥史 

吏名",2
"### 胥佐 

吏名",2
"### 贴书 

吏名",2
"### 三京国子监 

北宋西京河南府、南京应天府、北京大名府",1
"### 西监 

西京国子监省称",1
"### 太学 

官学名",1
"### 管勾太学公事

差遣名",2
"### 同管勾太学公事

差遣名",2
"### 权管勾太学公事

差遣名",2
"### 太学博士 

学官名",2
"### 太学正 

学官名",2
"### 职事学正 

职事人名",2
"### 太学录

学官名",2
"### 职事学录 

职事人名",2
"### 太学正录 

太学正、太学录连称",2
"### 太学助教

学官名",2
"### 太学说书

差遣名",2
"### 太学生 

①补读于国子监太学馆的学生",2
"### 太学外舍生 

太学生之低等",2
"### 太学内舍生 

太学生之中等",2
"### 太学上舍生 

太学生之上等",2
"### 太学两优释褐人 

太学生内舍生校定优等",2
"### 太学三舍生 

太学外舍生、内舍生、上舍生合称",2
"### 俊士 

外舍生升为内舍生之称谓（《宋会要•职官》28之19）",2
"### 辟雍

官学名",1
"### 辟雍大司成 

学官名",2
"### 太学大司成 

学官名",2
"### 辟雍司业 

学官名",2
"### 辟雍丞 

学官名",2
"### 辟雍主簿

职事官名",2
"### 辟雍博士 

学官名",2
"### 辟雍正 

学官名",2
"### 辟雍录 

学官名",2
"### 命官正录 

与学生正、录（或职事正、录）相对而言",2
"### 辟雍直学 

学官名",2
"### 命官直学 

辟雍直学有学生差充与朝延命官差充之别",2
"### 学生直学 

辟雍直学由学生充任者",2
"### 贡士 

北宋崇宁三年至宣和三年二月",2
"### 进士 

北宋崇宁至宣和间",2
"### 文士 

学分文（太学、律学等）、武（武学）",2
"### 武学 

官学名",2
"### 武学教授 

学官名",2
"### 武学传授 

学官名",2
"### 武学博士

学官名",2
"### 武学谕 

学官名",2
"### 武学正 

武学职事名",2
"### 武学录 

武学职事名",2
"### 司计 

职事名",2
"### 武学生

武学生员",2
"### 武选士 

武学外舍生之称谓（《宋会要•崇儒》3之32）",2
"### 武俊士 

武学内舍生之称谓（《宋会要•崇儒》3之32）",2
"### 武士 

习武艺之士人",2
"### 律学馆 

宋初",1
"### 律学助教 

学官名",2
"### 律学 

官学名",2
"### 律学教授 

学官名",2
"### 律学博士 

学官名",2
"### 律学正 

学官名",2
"### 律学录 

学官名",2
"### 律学生 

律学生员",2
"### 在京小学 

学校名",1
"### 小学教谕 

学官名",2
"### 职事教谕 

职事名",2
"### 小学录 

学官名",2
"### 小学学长 

职事名",2
"### 小长 

即小学学长",2
"### 小学集正 

职事名",2
"### 广文馆 

公学名",1
"### 广文馆博士 

学官名",2
"### 四门学

官学名",1
"### 国子监四门助教 

散官、学官名",2
"### 宗子学

官学名",2
"### 宗子学博士 

学官名",2
"### 宗子学谕 

学官名",2
"### 书铺 

公人名",2
"### 专知官 

公吏名",2
"### 库子 

公人名",2
"### 攒司

公人名",2
"### 厨子

公人名",2
"### 饭局抬盘子 

公人名",2
"### 正斋仆 

公人名",2
"### 贴斋仆 

公人名",2
"### 五学 

①《元丰官制格子》所谓“五学”为国子学、太学、武学、律学、算学（《宋会要•崇儒》3之2）",1
"### 四学 

北宋徽宗崇宁间",这段文字没有提供足够的信息来判断“四学”是机构还是官职。
"### 三学 

①北宋元丰新制前",2
"### 三馆 

北宋庆历四年未建太学前",1
"### 二学 

①北宋指国子学、太学（《宋会要•职官》28之21）",2
"### 监学官 

国子监及其所属太学、武学、律学、小学诸学官总称",2
"### 学谕 

学官名、职事名",2
"### 直学 

职事名、学官名",2
"### 斋长 

职事名",2
"### 斋谕 

职事名",2
"### 长谕

斋长、斋谕连称",2
"### 职事人 

宋代学校所置学正、学录、学谕、直学",2
"### 大职事 

职事学正、学录、学谕、直学",2
"### 小职事 

诸学斋长、斋谕均由学生差充",2
"### 医学 

官学名",2
"### 医学博士 

医官名",2
"### 医学正 

医官名",2
"### 医学录 

医官名",2
"### 正录 

医学正、医学录连称",2
"### 少府监

官司名",2
"### 判少府监事 

差遣名",2
"### 少府监监

阶官名、职事官名",2
"### 少府监少监 

阶官名、职事官名",2
"### 少府监丞 

阶官名、职事官名",2
"### 少府监主簿 

阶官名、职事官名",2
"### 文思院

监当局名",1
"### 监文思院上界 

差遣名",2
"### 监文思院下界

差遣名",2
"### 文思院两界监官

监文思院上界、监文思院下界合称",2
"### 提辖文思院上下界 

差遣名",2
"### 拘押官 

差遣名",2
"### 监门官 

差遣名",2
"### 文思院上界修造案

文思院案名之一",1
"### 文思院下界修造案 

文思院案名之一",1
"### 库经司 

公吏名",2
"### 花料司 

公吏名",2
"### 门司 

公吏名",2
"### 秤子 

公吏名",2
"### 库子 

公吏名",2
"### 手分 

吏人名",2
"### 贴司 

吏人名",2
"### 专知官 

公吏名",2
"### 副知 

公吏名",2
"### 专副 

专知官、副知连称",2
"### 押司官 

公吏名",2
"### 作家 

官工名",2
"### 四提辖

南宋时提辖権货务都茶场、提辖杂买务杂卖场、提辖文思院、提辖左藏东西库合称",2
"### 铸印司 

监当局名",1
"### 铸印司篆文官

差遣名",2
"### 绫锦院 

监当局名",1
"### 监绫锦院 

差遣名",1
"### 西染院 

监当局名",1
"### 监西染院 

差遣名",1
"### 勾当染院公事 

差遣名",2
"### 裁造院 

监当局名",1
"### 监裁造院 

差遣名",1
"### 文绣院 

监当局名",1
"### 旌节官告使 

临时差遣名",2
"### 军器监 

官司名",2
"### 判军器监事 

差遣名",2
"### 同判军器监事 

差遣名",2
"### 军器监监 

职事官名",2
"### 军器监少监 

职事官名",2
"### 军器监丞 

职事官名",2
"### 军器监主簿 

职事官名",2
"### 勾当军器监公事 

差遣名",2
"### 作坊

职局名",1
"### 作坊使

差遣名",2
"### 作坊副使 

差遣名",2
"### 南、北作坊 

职局名",1
"### 东、西作坊 

职局名",1
"### 东、西作坊五十一作 

东、西作坊制造军器及军用什物分五十一作",1
"### 作坊物料库 

职局名",1
"### 皮角场库

职局名",1
"### 监在京皮角四场库务 

差遣名",2
"### 斩马刀局 

职局名",1
"### 管勾作坊造斩马刀 

差遣名",2
"### 东、西广备指挥 

杂役厢军番号名",2
"### 广备攻城作

职局名",2
"### 弓弩院 

工署名",1
"### 将作监

官司名",2
"### 判将作监事 

差遣名",2
"### 同判将作监事 

差遣名",2
"### 将作监监 

阶官名、职事官名",2
"### 将作监少监

阶官名、职事官名",2
"### 将作监丞 

阶官名、职事官名",2
"### 将作监主簿 

阶官名、职事官名",2
"### 修内司 

官司名",2
"### 提举内中修造所 

官司名、差遣名",2
"### 提举在内修造所 

官司名",2
"### 提举在内修造所公事

官司名、差遣名",2
"### 提举修内司 

官司名、差遣名",2
"### 提辖修内司 

差遣名",2
"### 勾当修内司公事 

差遣名",2
"### 干办修内司公事 

差遣名",2
"### 识字黄院子 

公吏名",2
"### 东、西八作司 

官司名",2
"### 勾当东西八作司公事 

差遣名",2
"### 勾当东八作司公事 

差遣名",2
"### 勾当西八作司公事 

差遣名",2
"### 提点修造司 

官司名",2
"### 提举修造司 

官司名",2
"### 京西河洛抽税竹木务 

职局名",1
"### 勾当京西竹木务公事 

差遣名",2
"### 事材场 

职局名",1
"### 勾当事材场公事 

差遣名",2
"### 东西退材场 

职局名",1
"### 京东抽税竹箔场

职官名",2
"### 监京东抽税竹箔场 

差遣名",2
"### 东、西窑务 

职局名",2
"### 麦场 

职局名",2
"### 丹粉所

职局名",1
"### 都水监

官司名",2
"### 判都水监事 

差遣名",2
"### 同判都水监事 

差遣名",2
"### 都水监使者 

职事官名",2
"### 知都水监丞公事 

差遣名",2
"### 管勾都水监丞公事 

差遣名",2
"### 都水监丞 

职事官名",2
"### 都水监内外监丞 

都水监丞有三员",2
"### 知都水监主簿公事 

差遣名",2
"### 都水监主簿 

阶官名",2
"### 勾当都水监公事

差遣名",2
"### 外都水监使者 

职事官",2
"### 外都水监丞司 

官司名",2
"### 外都水监丞 

都水监丞轮差在外治理黄河者",2
"### 管勾外都水监丞司公事

差遣名",2
"### 勾当外都水监丞司公事 

差遣名",2
"### 外都水监丞南司 

官司名",2
"### 知外都水监丞南司公事

差遣名",2
"### 南外都水监丞司 

外都水监丞南司",2
"### 知南外都水监丞司公事 

职事官名",2
"### 外都水监丞北司 

官司名",2
"### 知外都水监丞北司公事 

差遣名",2
"### 北外都水监丞司 

外都水监丞北司",2
"### 知北外都水监丞司公事 

职事官名",2
"### 南、北外两丞司 

南外都水监丞司、北外都水监丞司合称",1
"### 都大提举修河司

仁宗庆历间",2
"### 都大提举河事官 

北宋都水监所属诸都大修河司提举官总名",2
"### 都大提举大名府界金堤 

差遣名",2
"### 都大提举导洛通汴司

官司名",2
"### 都大提举导洛通汴

差遣名",2
"### 都大提举汴河堤岸司

官司名",2
"### 都大提举汴河堤岸

差遣名",2
"### 河埽司

官司名",2
"### 水官 

都水监官通称",2
"### 街道司 

官司名",2
"### 管勾街道司公事 

差遣名",2
"### 御史台

官司名",1
"### 判御史台事 

差遣名",2
"### 管勾御史台事 

差遣名",2
"### 御史大夫

宋前期为兼官",2
"### 御史中丞 

职事官名",2
"### 权御史中丞事 

差遣名",2
"### 侍御史知杂事 

差遣名",2
"### 丞杂 

御史中丞、侍御史知杂事连称",2
"### 御史台三院 

台院、殿院、察院的连称",1
"### 判御史台三院事

差遣名",2
"### 三院御史 

侍御史、殿中侍御史、监察御史的合称",2
"### 台院 

官署名",1
"### 侍御史 

职事官名",2
"### 殿院 

官署名",1
"### 殿中侍御史 

职事官名",2
"### 殿中侍御史里行

差遣名",2
"### 言事御史 

差遣名",2
"### 察院 

官署名",1
"### 察院都承旨 

吏名",2
"### 察院副都承旨 

吏名",2
"### 察院承旨 

吏名",2
"### 察院逐房副承旨

吏名",2
"### 监察御史 

职事官名",2
"### 监察御史里行

差遣名",2
"### 权监察御史里行 

差遣名",2
"### 两院御史 

殿中侍御史、监察御史总名",2
"### 御史台六察司

官署名",1
"### 吏察 

六察司所属察案",2
"### 户察 

六察司所属察案",2
"### 刑察 

六察司所属察案",2
"### 兵察 

六察司所属察案",2
"### 礼察 

六察司所属察案",2
"### 工察 

六察司所属察案",2
"### 御史台六察案 

即六察司所辖吏察案、户察案、刑察案、礼察案、兵察案",1
"### 察案御史 

差遣名",2
"### 御史台四推 

御史台狱名",1
"### 推直官 

差遣名",2
"### 推勘官 

差造名",2
"### 御史台根勘所 

临时奉旨而设的诏狱机构",1
"### 御史台检法官

职事官名",2
"### 御史台主簿 

职事官名",2
"### 御史台五使 

宋前期",1
"### 右巡使 

临时差遣官名",2
"### 左巡使 

临时差遣官名",2
"### 监祭使 

临时差遣名",2
"### 廊下使 

临时差遣名",2
"### 监香使 

临时差遣名",2
"### 台案 

御史台案",2
"### 内弹案 

太祖、太宗朝内弹有六案",2
"### 百司案 

内弹案名之一",2
"### 待制案 

内弹案名之一",2
"### 两县案 

内弹案名之一",2
"### 新赐案 

内弹案名之一",2
"### 职田案 

内弹案名之一",2
"### 六品案 

内弹案名之一",2
"### 外弹案 

太祖、太宗朝外弹有三案",2
"### 刑狱案 

外弹案名之一",2
"### 色役案 

外弹案名之一",2
"### 六品案 

外弹案名之一",2
"### 杂事案 

御事台杂事案",2
"### 前司 

御史台前司",2
"### 驱使官 

吏人名",2
"### 主推

台狱",1
"### 推司 

台狱吏",2
"### 四推令史 

狱吏名",2
"### 四推书吏 

狱吏名",2
"### 书写人 

吏名",2
"### 主管班次

吏人名",2
"### 引赞官 

吏人名",2
"### 知班官

吏人名",2
"### 贴司 

吏人名",2
"### 西京留守司御史台

官署名",1
"### 管勾西京留守司御史台公事 

差遣名",2
"### 判西京留守司御史台 

差遣名",2
"### 南京留守司御史台

官署名",1
"### 管勾南京留守司御史台公事 

差遣名",2
"### 判南京留守司御史台 

差遣名",2
"### 北京留守司御史台 

官署名",1
"### 管勾北京留守司御史台公事

差遣名",2
"### 三京留守司御史台 

西京、南京、北京留守司御史台合称",1
"### 御史台官 

御史台官有御史大夫、御史中丞、侍御史知杂事、侍御史、殿中待御史、言事御史、监察御史、殿中侍御史里行、监察御史里行",2
"### 留都獬豸 

三京留守司御史台官别称",2
"### 两司三衙 

宋初中央禁军殿前司与侍卫亲军司合称两司",2
"### 三衙 

宋中央禁军最高指挥机构殿前司、侍卫亲军马军司、侍马亲军步军司合称",1
"### 殿前司 

禁军官司名",2
"### 殿前司都点检 

军职名",2
"### 殿前司副都点检 

军职名",2
"### 殿前司都指挥使 

军职名",2
"### 殿前司都指挥使司 

官司名",2
"### 主管殿前司公事 

军职名",2
"### 权主管殿前司公事

军职名",2
"### 主管殿前司 

官司名",2
"### 殿前司副都指挥使 

军职名",2
"### 殿前司都虞候

军职名",2
"### 殿前司都虞候司

官司名",2
"### 殿前司兵案 

殿前司事务机构之一",1
"### 殿前司差使磨勘案 

殿前司事务机构之一",1
"### 殿前司仓案 

殿前司事务机构之一",1
"### 殿前司骑胄案 

殿前司事务机构之一",1
"### 殿前司推案 

殿前司事务机构之一",1
"### 殿前司法司 

殿前司事务机构之一",1
"### 殿前司开拆司 

殿前司事务机构之一",1
"### 殿前诸班 

皇帝近卫骑兵编制之一",2
"### 殿前指挥使左班 

殿前诸班之一",2
"### 殿前指挥使右班 

殿前诸班之一",2
"### 殿前指挥使都虞候 

军职名",2
"### 内殿直左第一、第二班 内殿直右第一、第二班 

殿前诸班",2
"### 散员左第一、第二班 散员右第一、第二班

殿前诸班",2
"### 散指挥左第一、第二班 散指右第一、第二班 

殿前诸班之一",2
"### 散都头左班、右班

殿前诸班",2
"### 外殿直 

殿前诸班之一",2
"### 散祇候左、右班

殿前诸班",2
"### 金枪左、右班 

殿前诸班",2
"### 散直左第一、第二班 散直右第一、第二班 

殿前诸班",2
"### 殿前东西班 

殿前诸班之一",2
"### 东第三班 

殿前东、西班所属禁卫十二班之一",2
"### 钓容直第一、二班 

属殿前诸班",2
"### 茶酒旧班 

殿前诸班之一",2
"### 茶酒新班 

殿前诸班之一",2
"### 招箭班 

殿前诸班之一",1
"### 银枪班 

殿前诸班之一",2
"### 诸班都指挥使

军职名",2
"### 诸班都虞候 

军职名",2
"### 诸班指挥使

军职名",2
"### 诸班都知

军职名",2
"### 诸班副都知 

军职名",2
"### 诸班押班 

军职名",2
"### 殿侍 

卫士名、武阶名",2
"### 东、西班殿侍院 

殿前司东、西班所属殿侍廨舍（《长编》卷 68戊寅、《宋会要•职官》32之7）",2
"### 殿侍班

殿前司诸班所属殿待",2
"### 祗应 

诸班非在朝应奉殿侍",2
"### 下班祗应

武阶名",2
"### 殿前御龙诸直

皇帝近卫步兵编制之一",2
"### 御龙左直、右直

殿前诸直之一",2
"### 御龙骨䤪子左直、右直 

殿前诸直之一",2
"### 御龙弓箭直

殿前诸直之一",2
"### 御龙弩直 

殿前诸直之一",2
"### 诸班直 

殿前诸班、御龙诸直合称",2
"### 四直都虞候 

军职名",2
"### 诸直都虞候 

军职名",2
"### 诸直指挥使

军职名",2
"### 诸直副指挥使

军职名",2
"### 诸直都头 

军职名",2
"### 诸直副都头 

军职名",2
"### 诸直十将 

军职名",2
"### 诸直将虞候 

军职名",2
"### 诸直队长 

军职名",2
"### 五重禁卫军 

宋代条令",2
"### 奉宸队 

仪卫编制",1
"### 捧日队 

仪卫编制",2
"### 殿前司骑军诸指挥

禁军编制",2
"### 捧日左、右厢 

禁军编制名",2
"### 捧日上三军 

捧日禁军为上四军之一",2
"### 殿前司拱圣军 

禁军骑兵编制名",2
"### 殿前司骁骑军 

禁军骑兵编制名之一",2
"### 殿前司步军诸指挥 

禁军编制之一",2
"### 天武左、右厢 

禁军步兵编制之一",2
"### 宽衣天武指挥

禁军步兵编制名",2
"### 殿前司捧日天武四厢都指挥使

军职名",2
"### 殿前司虎翼军 

禁军步兵编制名之一",2
"### 殿前司广勇军 

禁军步兵编制",2
"### 殿前司神勇军

禁军步兵名",2
"### 殿前司胜捷军 

禁军步兵编制名",2
"### 殿前司左翼军

禁军步兵编制名",2
"### 侍卫亲军司 

禁军官司名",2
"### 侍卫亲军司马步军都指挥使

军职名",2
"### 侍卫亲军司马步军副都指挥使

军职名",2
"### 侍卫亲军司马步军都虞候

军职名",2
"### 侍卫亲军马军司 

禁军官司名",2
"### 侍卫亲军马军司都指挥使

军职名",2
"### 侍卫亲军马军司副都指挥使 

军职名",2
"### 侍卫亲军马军司都虞候

#### 职源

北宋开宝间见置（《长编》卷10己未）",2
"### 主管侍卫亲军马军司公事 

军职名",2
"### 侍卫亲军马军行司

官司名",2
"### 主管侍卫亲军马军行司公事

军职名",2
"### 龙卫左、右厢 

禁军骑军编制",2
"### 龙卫上四军 

龙卫左、右厢禁军为上四军之一",2
"### 云骑军 

禁军骑军编制",2
"### 云骑带甲剩员指挥

禁军骑兵编制",2
"### 侍卫亲军步军司

禁军官司名",2
"### 侍卫亲军步军司都指挥使

军职名",2
"### 侍卫亲军步军司副都指挥使

军职名",2
"### 侍卫亲军步军司都虞候

#### 职源

北宋乾德三年见置（《宋史•李进卿传》）",2
"### 主管侍卫亲军步军司公事

军职名",2
"### 神卫左、右厢 

禁军步兵编制",2
"### 马步军龙卫神卫四厢都指挥使

军职名",2
"### 步军司虎翼军

禁军步兵编制名",2
"### 上四军 

禁军诸军（不包括诸班直）以廪禄高下为等",1
"### 左、右厢 

禁军编制单位",1
"### 厢都指挥使 

军职名",2
"### 军 

禁军编制单位",1
"### 军都指挥使 

军职名",2
"### 军都虞候 

军职名",2
"### 三衙诸军 

除殿前司诸班、诸直之外",2
"### 指挥 

禁军编制单位",2
"### 指挥使 

军职名",2
"### 指挥副使

军职名",2
"### 都 

禁军编制单位",1
"### 都头 

军职名",2
"### 副都头 

军职名",2
"### 都副 

都头、副都头连称",2
"### 军使 

军职名",2
"### 副兵马使

军职名",2
"### 将校 

都指挥使、副都指挥使、都虞候",2
"### 十将 

军职名",2
"### 将虞候

军职名",2
"### 承局 

军职名",2
"### 押官 

军职名",2
"### 节级 

①厢都指挥使以下至押官诸职次（阶级）的泛称（《长编》卷257癸巳）",2
"### 将级 

将校与节级合称",2
"### 南宋三衙军职 

南宋三衙军职",2
"### 三帅 

南宋三衙主帅殿前司都指挥使、副都指挥使、都虞候",2
"### 指挥

南宋三衙主帅都指挥使、副都指挥使合

## /page{456L}

称",2
"### 主管某司公事 

南宋三衙主帅",2
"### 军 

南宋三衙编制大单位",1
"### 都统制

军职名",2
"### 统制

军职名",2
"### 同统制 

军职名",2
"### 统领

军职名",2
"### 制领

统制、统领连称",2
"### 将 

南宋三衙编制单位",1
"### 正将

军职名",2
"### 副将

军职名",2
"### 准备将 

军职名",2
"### 训练官 

军职名",2
"### 队人 

南宋三衙编制单位",1
"### 部将 

禁军职事名",2
"### 队将 

禁军职事名",2
"### 押队 

禁军职事名",2
"### 拥队 

禁军职事名",2
"### 将佐 

正将、副将、准备将合称",2
"### 部队将

部将、队将连称",2
"### 押拥队 

押队、拥队连称",1
"### 镇殿将军 

禁军特种卫士名",2
"### 三衙推狱 

殿前司、侍卫亲军马军司、侍卫亲军步军司各置推狱（监狱）",2